,STATION,NAME,LATITUDE,LONGITUDE,ELEVATION,DATE,CDSD,CDSD_ATTRIBUTES,CLDD,CLDD_ATTRIBUTES,DP01,DP01_ATTRIBUTES,DP10,DP10_ATTRIBUTES,DSND,DSND_ATTRIBUTES,DSNW,DSNW_ATTRIBUTES,DT00,DT00_ATTRIBUTES,DT32,DT32_ATTRIBUTES,DX32,DX32_ATTRIBUTES,DX70,DX70_ATTRIBUTES,DX90,DX90_ATTRIBUTES,EMNT,EMNT_ATTRIBUTES,EMSD,EMSD_ATTRIBUTES,EMSN,EMSN_ATTRIBUTES,EMXP,EMXP_ATTRIBUTES,EMXT,EMXT_ATTRIBUTES,HDSD,HDSD_ATTRIBUTES,HTDD,HTDD_ATTRIBUTES,PRCP,PRCP_ATTRIBUTES,SNOW,SNOW_ATTRIBUTES,TAVG,TAVG_ATTRIBUTES,TMAX,TMAX_ATTRIBUTES,TMIN,TMIN_ATTRIBUTES
100,USC00421759,"COTTONWOOD WEIR, UT US",40.6189,-111.7836,1519.7,2010-12,619.1,0,0.0,"1,0",13.0,"2,0",8.0,"2,0",,,5.0,"2,0",0.0,"1,0",20.0,"1,0",4.0,"1,0",0.0,"1,0",0.0,"1,0",-12.2,"1,0,31,",,,127.0,"2,,0,30,+",19.3,"2,,0,20,",13.9,"1,0,14,",1098.1,0,492.8,"1,0",82.2,"2,,,0",483.0,"2,,,0",1.9,"1,0",5.6,"1,,,0",-1.8,"1,,,0"
101,USC00421759,"COTTONWOOD WEIR, UT US",40.6189,-111.7836,1519.7,2011-01,0.0,K,0.0,",K",,,,,,,,,0.0,",K",28.0,",K",13.0,",K",0.0,",K",0.0,",K",-15.6,",K,01,",,,,,,,10.0,",K,17,",1747.9,K,649.8,",K",,,,,-2.6,",K",1.0,",,,K",-6.2,",,,K"
102,USC00421759,"COTTONWOOD WEIR, UT US",40.6189,-111.7836,1519.7,2011-02,0.0,K,0.0,",K",,,,,,,,,1.0,",K",25.0,",K",4.0,",K",0.0,",K",0.0,",K",-17.8,",K,02,",,,,,,,15.6,",K,15,",2241.3,K,493.4,",K",,,,,0.7,",K",5.7,",,,K",-4.3,",,,K"
103,USC00421759,"COTTONWOOD WEIR, UT US",40.6189,-111.7836,1519.7,2011-03,0.0,K,0.0,"3,K",,,,,,,,,0.0,"2,K",17.0,"2,K",0.0,"2,K",0.0,"2,K",0.0,"2,K",-5.6,"2,K,30,+",,,,,,,17.2,"2,K,31,+",2599.7,K,358.4,"2,K",,,,,5.6,"3,K",11.1,"2,,,K",0.2,"2,,,K"
104,USC00421759,"COTTONWOOD WEIR, UT US",40.6189,-111.7836,1519.7,2011-04,0.0,K,0.0,",K",,,,,,,,,0.0,",K",15.0,",K",0.0,",K",1.0,",K",0.0,",K",-7.8,",K,03,",,,,,,,22.2,",K,02,",2935.8,K,336.1,",K",,,,,7.1,",K",13.1,",,,K",1.2,",,,K"
105,USC00421759,"COTTONWOOD WEIR, UT US",40.6189,-111.7836,1519.7,2011-05,0.0,K,0.0,"1,K",,,,,,,,,0.0,"1,K",1.0,"1,K",0.0,",K",11.0,",K",0.0,",K",-1.1,"1,K,30,",,,,,,,25.0,",K,17,+",3130.8,K,195.0,",K",,,,,11.8,"1,K",17.7,",,,K",5.9,"1,,,K"
106,USC00421759,"COTTONWOOD WEIR, UT US",40.6189,-111.7836,1519.7,2011-06,55.2,K,55.2,"1,K",,,,,,,,,0.0,",K",0.0,",K",0.0,"1,K",26.0,"1,K",2.0,"1,K",0.6,",K,10,",,,,,,,32.8,"1,K,28,",3173.9,K,43.1,"1,K",,,,,18.9,"1,K",26.1,"1,,,K",11.7,",,,K"
107,USC00421759,"COTTONWOOD WEIR, UT US",40.6189,-111.7836,1519.7,2011-07,248.9,K,193.7,"2,K",,,,,,,,,0.0,"2,K",0.0,"2,K",0.0,",K",31.0,",K",14.0,",K",12.8,"2,K,20,",,,,,,,35.6,",K,03,",0.0,K,0.0,",K",,,,,25.0,"2,K",31.4,",,,K",18.6,"2,,,K"
108,USC00421759,"COTTONWOOD WEIR, UT US",40.6189,-111.7836,1519.7,2011-08,470.3,K,221.4,"2,K",,,,,,,,,0.0,",K",0.0,",K",0.0,"2,K",29.0,"2,K",18.0,"2,K",13.9,",K,16,",,,,,,,35.6,"2,K,24,",0.0,K,0.0,"2,K",,,,,26.0,"2,K",32.3,"2,,,K",19.8,",,,K"
109,USC00421759,"COTTONWOOD WEIR, UT US",40.6189,-111.7836,1519.7,2011-09,553.6,K,83.3,",K",4.0,"5,K",1.0,"5,K",,,,,0.0,",K",0.0,",K",0.0,",K",29.0,",K",1.0,",K",10.6,",K,17,",,,,,9.9,"5,,K,17,",32.8,",K,01,",3.6,K,3.6,",K",11.2,"5,,,K",,,21.0,",K",26.7,",,,K",15.3,",,,K"
110,USC00421759,"COTTONWOOD WEIR, UT US",40.6189,-111.7836,1519.7,2011-10,572.0,K,18.4,"1,K",7.0,",K",3.0,",K",,,,,0.0,"1,K",2.0,"1,K",0.0,"1,K",10.0,"1,K",0.0,"1,K",-1.1,"1,K,27,",,,,,26.7,",,K,06,",30.6,"1,K,01,",176.7,K,173.1,"1,K",36.9,",,,K",,,13.2,"1,K",18.5,"1,,,K",7.9,"1,,,K"
111,USC00421759,"COTTONWOOD WEIR, UT US",40.6189,-111.7836,1519.7,2011-11,572.0,K,0.0,"1,K",8.0,"4,K",5.0,"4,K",,,,,0.0,"1,K",20.0,"1,K",0.0,",K",0.0,",K",0.0,",K",-6.7,"1,K,11,",,,,,16.3,"4,,K,05,",17.8,",K,01,",591.4,K,414.7,",K",51.7,"4,,,K",,,4.0,"1,K",9.2,",,,K",-1.2,"1,,,K"
112,USC00421759,"COTTONWOOD WEIR, UT US",40.6189,-111.7836,1519.7,2011-12,572.0,K,0.0,"1,K",6.0,",K",0.0,",K",,,,,0.0,",K",29.0,",K",14.0,"1,K",0.0,"1,K",0.0,"1,K",-11.1,",K,20,",,,,,2.0,",,K,04,",15.6,"1,K,31,+",1204.0,K,612.6,"1,K",6.1,",,,K",,,-2.1,"1,K",1.8,"1,,,K",-6.0,",,,K"
113,USC00421759,"COTTONWOOD WEIR, UT US",40.6189,-111.7836,1519.7,2012-01,0.0,7,0.0,",K",8.0,",K",5.0,",K",,,2.0,",K",0.0,",K",26.0,",K",2.0,",K",0.0,",K",0.0,",K",-10.0,",K,17,+",,,102.0,",,K,22,",13.7,",,K,21,",13.3,",K,21,",1748.4,7,544.4,",K",47.4,",,,K",153.0,",,,K",0.8,",K",5.5,",,,K",-3.9,",,,K"
114,USC00421759,"COTTONWOOD WEIR, UT US",40.6189,-111.7836,1519.7,2012-02,,,,,6.0,",K",3.0,",K",,,,,0.0,"5,K",21.0,"5,K",0.0,"5,K",0.0,"5,K",0.0,"5,K",-9.4,"5,K,20,",,,,,13.0,",,K,19,",12.8,"5,K,22,",,,,,30.3,",,,K",,,1.6,"6,K",6.1,"5,,,K",-3.0,"5,,,K"
115,USC00421759,"COTTONWOOD WEIR, UT US",40.6189,-111.7836,1519.7,2012-03,,,0.5,",K",10.0,"1,K",7.0,"1,K",,,,,0.0,",K",11.0,",K",0.0,",K",3.0,",K",0.0,",K",-7.2,",K,02,",,,,,12.2,"1,,K,18,",24.4,",K,31,",,,303.2,",K",52.4,"1,,,K",,,8.6,",K",14.5,",,,K",2.6,",,,K"
116,USC00421759,"COTTONWOOD WEIR, UT US",40.6189,-111.7836,1519.7,2012-04,,,17.3,"1,K",10.0,"4,K",7.0,"4,K",,,,,0.0,",K",5.0,",K",0.0,"1,K",13.0,"1,K",0.0,"1,K",-2.2,",K,06,+",,,,,23.6,"4,,K,27,",29.4,"1,K,24,",,,174.9,"1,K",93.4,"4,,,K",,,12.8,"1,K",19.4,"1,,,K",6.1,",,,K"
117,USC00421759,"COTTONWOOD WEIR, UT US",40.6189,-111.7836,1519.7,2012-05,,,27.5,"1,K",6.0,",K",5.0,",K",,,,,0.0,"1,K",0.0,"1,K",0.0,"1,K",18.0,"1,K",0.0,"1,K",0.6,"1,K,06,",,,,,10.7,",,K,18,",31.1,"1,K,22,",,,88.9,"1,K",36.1,",,,K",,,16.3,"1,K",22.7,"1,,,K",9.9,"1,,,K"
118,USC00421759,"COTTONWOOD WEIR, UT US",40.6189,-111.7836,1519.7,2012-06,,,141.6,"2,K",0.0,",K",0.0,",K",,,,,0.0,",K",0.0,",K",0.0,"2,K",26.0,"2,K",13.0,"2,K",4.4,",K,06,",,,,,0.0,",,K,30,+",34.4,"2,K,30,+",,,19.5,"2,K",0.0,",,,K",,,22.7,"2,K",29.7,"2,,,K",15.6,",,,K"
119,USC00421759,"COTTONWOOD WEIR, UT US",40.6189,-111.7836,1519.7,2012-07,,,240.7,"2,K",3.0,"2,K",1.0,"2,K",,,,,0.0,",K",0.0,",K",0.0,"2,K",29.0,"2,K",22.0,"2,K",14.4,",K,06,",,,,,9.1,"2,,K,05,",36.7,"2,K,12,+",0.0,7,0.0,"2,K",10.9,"2,,,K",,,26.7,"2,K",33.1,"2,,,K",20.4,",,,K"
120,USC00421759,"COTTONWOOD WEIR, UT US",40.6189,-111.7836,1519.7,2012-08,,,249.0,",K",2.0,",K",0.0,",K",,,,,0.0,",K",0.0,",K",0.0,",K",31.0,",K",23.0,",K",12.2,",K,25,+",,,,,1.0,",,K,11,",37.2,",K,08,",0.0,7,0.0,",K",1.3,",,,K",,,26.4,",K",32.9,",,,K",19.8,",,,K"
121,USC00421759,"COTTONWOOD WEIR, UT US",40.6189,-111.7836,1519.7,2012-09,,,96.4,",7",6.0,",7",4.0,",7",,,,,0.0,",7",0.0,",7",0.0,",7",28.0,",7",0.0,",7",8.9,",7,26,+",,,,,8.4,",,7,25,",31.7,",7,01,",9.5,7,9.5,",7",24.0,",,,7",,,21.2,",7",26.8,",,,7",15.6,",,,7"
122,USC00421759,"COTTONWOOD WEIR, UT US",40.6189,-111.7836,1519.7,2012-10,,,4.2,",7",5.0,",7",3.0,",7",,,,,0.0,",7",2.0,",7",0.0,",7",11.0,",7",0.0,",7",-2.2,",7,25,",,,,,15.7,",,7,13,",26.1,",7,03,",196.3,7,186.8,",7",36.3,",,,7",,,12.4,",7",18.5,",,,7",6.4,",,,7"
123,USC00421759,"COTTONWOOD WEIR, UT US",40.6189,-111.7836,1519.7,2012-11,,,0.0,",7",3.0,",7",3.0,",7",,,,,0.0,",7",13.0,",7",2.0,",7",1.0,",7",0.0,",7",-6.7,",7,13,+",,,,,24.4,",,7,10,",21.7,",7,01,",531.7,7,335.4,",7",43.2,",,,7",,,7.1,",7",12.3,",,,7",2.0,",,,7"
124,USC00421759,"COTTONWOOD WEIR, UT US",40.6189,-111.7836,1519.7,2012-12,,,0.0,",7",11.0,",7",7.0,",7",,,,,0.0,",7",22.0,",7",10.0,",7",0.0,",7",0.0,",7",-11.7,",7,20,",,,,,27.9,",,7,15,",15.6,",7,02,",1070.8,7,539.1,",7",77.1,",,,7",,,0.9,",7",5.0,",,,7",-3.1,",,,7"
125,USC00421759,"COTTONWOOD WEIR, UT US",40.6189,-111.7836,1519.7,2013-01,0.0,7,0.0,",7",8.0,",7",6.0,",7",31.0,",7",,,1.0,",7",30.0,",7",22.0,",7",0.0,",7",0.0,",7",-18.3,",7,14,",483.0,",,7,30,",,,18.5,",,7,28,",13.3,",7,10,",1856.0,7,785.2,",7",54.7,",,,7",,,-7.0,",7",-2.9,",,,7",-11.1,",,,7"
126,USC00421759,"COTTONWOOD WEIR, UT US",40.6189,-111.7836,1519.7,2013-02,0.0,7,0.0,",7",9.0,",7",5.0,",7",28.0,",7",,,0.0,",7",28.0,",7",4.0,",7",0.0,",7",0.0,",7",-10.0,",7,12,+",559.0,",,7,10,",,,14.2,",,7,10,",9.4,",7,19,",2405.8,7,549.8,",7",40.7,",,,7",,,-1.3,",7",3.1,",,,7",-5.7,",,,7"
127,USC00421759,"COTTONWOOD WEIR, UT US",40.6189,-111.7836,1519.7,2013-03,0.0,7,0.0,",7",9.0,",7",6.0,",7",,,,,0.0,",7",12.0,",7",0.0,",7",2.0,",7",0.0,",7",-6.7,",7,24,",,,,,7.9,",,7,23,",22.2,",7,15,+",2754.1,7,348.3,",7",29.3,",,,7",,,7.1,",7",12.5,",,,7",1.7,",,,7"
128,USC00421759,"COTTONWOOD WEIR, UT US",40.6189,-111.7836,1519.7,2013-04,0.0,7,0.0,",7",10.0,",7",8.0,",7",0.0,",7",0.0,",7",0.0,",7",7.0,",7",0.0,",7",4.0,",7",0.0,",7",-3.9,",7,18,",0.0,",,7,30,+",0.0,",,7,30,+",17.0,",,7,08,+",21.7,",7,30,+",3033.1,7,279.0,",7",89.4,",,,7",0.0,",,,7",9.0,",7",14.5,",,,7",3.6,",,,7"
129,USC00421759,"COTTONWOOD WEIR, UT US",40.6189,-111.7836,1519.7,2013-05,25.7,7,25.7,",7",9.0,",7",7.0,",7",0.0,",7",0.0,",7",0.0,",7",4.0,",7",0.0,",7",18.0,",7",0.0,",7",-1.1,",7,04,+",0.0,",,7,31,+",0.0,",,7,31,+",23.6,",,7,28,",30.6,",7,14,",3160.1,7,127.0,",7",77.2,",,,7",0.0,",,,7",15.1,",7",21.8,",,,7",8.4,",,,7"
130,USC00421759,"COTTONWOOD WEIR, UT US",40.6189,-111.7836,1519.7,2013-06,180.4,7,154.7,",7",0.0,",7",0.0,",7",0.0,",7",0.0,",7",0.0,",7",0.0,",7",0.0,",7",30.0,",7",7.0,",7",6.7,",7,20,",0.0,",,7,30,+",0.0,",,7,30,+",0.0,",,7,30,+",37.2,",7,30,+",3168.4,7,8.3,",7",0.0,",,,7",0.0,",,,7",23.2,",7",29.8,",,,7",16.6,",,,7"
131,USC00421759,"COTTONWOOD WEIR, UT US",40.6189,-111.7836,1519.7,2013-07,449.3,7,268.9,",7",3.0,",7",2.0,",7",,,,,0.0,",7",0.0,",7",0.0,",7",31.0,",7",24.0,",7",15.6,",7,05,",,,,,16.8,",,7,17,",36.1,",7,11,+",0.0,7,0.0,",7",20.9,",,,7",,,27.0,",7",33.2,",,,7",20.8,",,,7"
132,USC00421759,"COTTONWOOD WEIR, UT US",40.6189,-111.7836,1519.7,2013-08,673.2,7,223.9,",7",5.0,",7",2.0,",7",,,,,0.0,",7",0.0,",7",0.0,",7",31.0,",7",13.0,",7",15.0,",7,25,",,,,,2.8,",,7,28,+",34.4,",7,16,+",0.0,7,0.0,",7",9.4,",,,7",,,25.6,",7",31.4,",,,7",19.8,",,,7"
133,USC00421759,"COTTONWOOD WEIR, UT US",40.6189,-111.7836,1519.7,2013-09,738.8,7,65.6,",7",11.0,",7",6.0,",7",,,,,0.0,",7",0.0,",7",0.0,",7",24.0,",7",3.0,",7",2.2,",7,27,",,,,,21.6,",,7,08,",32.8,",7,07,+",47.0,7,47.0,",7",48.0,",,,7",,,18.9,",7",24.8,",,,7",13.1,",,,7"
134,USC00421759,"COTTONWOOD WEIR, UT US",40.6189,-111.7836,1519.7,2013-10,738.8,7,0.0,",7",8.0,",7",7.0,",7",0.0,"4,7",0.0,"3,7",0.0,",7",1.0,",7",0.0,",7",6.0,",7",0.0,",7",-0.6,",7,15,",0.0,"4,,7,31,+",0.0,"3,,7,31,+",12.4,",,7,10,",25.0,",7,01,",290.0,7,243.0,",7",46.7,",,,7",0.0,"3,,,7",10.5,",7",16.0,",,,7",5.0,",,,7"
135,USC00421759,"COTTONWOOD WEIR, UT US",40.6189,-111.7836,1519.7,2013-11,738.8,7,0.0,",7",6.0,",7",4.0,",7",0.0,",7",0.0,",7",0.0,",7",12.0,",7",0.0,",7",0.0,",7",0.0,",7",-5.0,",7,23,",0.0,",,7,30,+",0.0,",,7,30,+",10.2,",,7,21,",20.0,",7,02,",663.9,7,373.9,",7",21.1,",,,7",0.0,",,,7",5.9,",7",10.7,",,,7",1.0,",,,7"
136,USC00421759,"COTTONWOOD WEIR, UT US",40.6189,-111.7836,1519.7,2013-12,738.8,7,0.0,",7",8.0,",7",5.0,",7",29.0,",7",8.0,",7",1.0,",7",30.0,",7",20.0,",7",0.0,",7",0.0,",7",-19.4,",7,09,",381.0,",,7,22,",152.0,",,7,19,",35.6,",,7,04,",12.8,",7,04,+",1359.0,7,695.1,",7",86.1,",,,7",507.0,",,,7",-4.1,",7",0.4,",,,7",-8.6,",,,7"
137,USC00421759,"COTTONWOOD WEIR, UT US",40.6189,-111.7836,1519.7,2014-01,0.0,7,0.0,",7",7.0,",7",3.0,",7",31.0,",7",4.0,",7",0.0,",7",31.0,",7",2.0,",7",0.0,",7",0.0,",7",-10.0,",7,05,",229.0,",,7,09,",102.0,",,7,30,+",10.7,",,7,30,",12.8,",7,11,",1936.8,7,577.8,",7",23.8,",,,7",331.0,",,,7",-0.3,",7",4.4,",,,7",-5.0,",,,7"
138,USC00421759,"COTTONWOOD WEIR, UT US",40.6189,-111.7836,1519.7,2014-02,0.0,7,0.0,",7",11.0,",7",6.0,",7",10.0,",7",2.0,",7",0.0,",7",12.0,",7",2.0,",7",0.0,",7",0.0,",7",-10.0,",7,05,",102.0,",,7,05,+",51.0,",,7,04,",23.4,",,7,27,",16.7,",7,16,+",2334.6,7,397.8,",7",52.2,",,,7",76.0,",,,7",4.1,",7",8.6,",,,7",-0.4,",,,7"
139,USC00421759,"COTTONWOOD WEIR, UT US",40.6189,-111.7836,1519.7,2014-03,0.0,7,0.0,",7",7.0,",7",6.0,",7",0.0,",7",0.0,",7",0.0,",7",10.0,",7",0.0,",7",0.0,",7",0.0,",7",-2.8,",7,21,+",0.0,",,7,31,+",0.0,",,7,31,+",14.7,",,7,30,",19.4,",7,26,+",2673.8,7,339.2,",7",47.5,",,,7",0.0,",,,7",7.4,",7",13.2,",,,7",1.6,",,,7"
140,USC00421759,"COTTONWOOD WEIR, UT US",40.6189,-111.7836,1519.7,2014-04,1.4,7,1.4,",7",8.0,",7",5.0,",7",,,,,0.0,",7",3.0,",7",0.0,",7",7.0,",7",0.0,",7",-1.1,",7,01,",,,,,31.5,",,7,26,",23.3,",7,21,",2907.3,7,233.5,",7",62.8,",,,7",,,10.6,",7",16.3,",,,7",4.9,",,,7"
141,USC00421759,"COTTONWOOD WEIR, UT US",40.6189,-111.7836,1519.7,2014-05,34.9,7,33.5,",7",5.0,",7",4.0,",7",0.0,"1,7",0.0,"1,7",0.0,",7",0.0,",7",0.0,",7",22.0,",7",0.0,",7",1.7,",7,08,",0.0,"1,,7,31,+",0.0,"1,,7,31,+",14.0,",,7,08,",30.0,",7,29,+",3004.5,7,97.2,",7",37.4,",,,7",0.0,"1,,,7",16.3,",7",22.3,",,,7",10.2,",,,7"
142,USC00421759,"COTTONWOOD WEIR, UT US",40.6189,-111.7836,1519.7,2014-06,142.9,7,108.0,",7",3.0,",7",3.0,",7",0.0,",7",0.0,",7",0.0,",7",0.0,",7",0.0,",7",28.0,",7",3.0,",7",3.9,",7,18,",0.0,",,7,30,+",0.0,",,7,30,+",19.3,",,7,27,",32.8,",7,25,",3019.2,7,14.7,",7",42.4,",,,7",0.0,",,,7",21.4,",7",27.9,",,,7",15.0,",,,7"
143,USC00421759,"COTTONWOOD WEIR, UT US",40.6189,-111.7836,1519.7,2014-07,412.8,7,269.9,",7",3.0,",7",3.0,",7",0.0,",7",0.0,",7",0.0,",7",0.0,",7",0.0,",7",31.0,",7",26.0,",7",13.9,",7,01,",0.0,",,7,31,+",0.0,",,7,31,+",14.2,",,7,29,",37.2,",7,23,+",0.0,7,0.0,",7",27.1,",,,7",0.0,",,,7",27.0,",7",33.3,",,,7",20.8,",,,7"
144,USC00421759,"COTTONWOOD WEIR, UT US",40.6189,-111.7836,1519.7,2014-08,553.3,7,140.5,",7",9.0,",7",6.0,",7",0.0,",7",0.0,",7",0.0,",7",0.0,",7",0.0,",7",30.0,",7",4.0,",7",9.4,",7,23,",0.0,",,7,31,+",0.0,",,7,31,+",8.1,",,7,20,",32.8,",7,18,+",4.2,7,4.2,",7",32.4,",,,7",0.0,",,,7",22.7,",7",28.7,",,,7",16.8,",,,7"
145,USC00421759,"COTTONWOOD WEIR, UT US",40.6189,-111.7836,1519.7,2014-09,655.4,7,102.1,",7",9.0,",7",7.0,",7",0.0,",7",0.0,",7",0.0,",7",0.0,",7",0.0,",7",27.0,",7",2.0,",7",5.6,",7,12,",0.0,",,7,30,+",0.0,",,7,30,+",36.3,",,7,27,",32.2,",7,18,+",26.1,7,21.9,",7",81.0,",,,7",0.0,",,,7",21.0,",7",27.1,",,,7",14.9,",,,7"
146,USC00421759,"COTTONWOOD WEIR, UT US",40.6189,-111.7836,1519.7,2014-10,656.8,7,1.4,",7",1.0,",7",1.0,",7",0.0,",7",0.0,",7",0.0,",7",0.0,",7",0.0,",7",16.0,",7",0.0,",7",2.8,",7,28,+",0.0,",,7,31,+",0.0,",,7,31,+",5.1,",,7,12,",25.6,",7,25,",137.8,7,111.7,",7",5.1,",,,7",0.0,",,,7",14.8,",7",20.9,",,,7",8.6,",,,7"
147,USC00421759,"COTTONWOOD WEIR, UT US",40.6189,-111.7836,1519.7,2014-11,656.8,7,0.0,",7",9.0,",7",3.0,",7",0.0,",7",0.0,",7",0.0,",7",16.0,",7",3.0,",7",1.0,",7",0.0,",7",-11.1,",7,16,",0.0,",,7,30,+",0.0,",,7,30,+",11.4,",,7,23,",21.7,",7,01,",535.9,7,398.1,",7",26.2,",,,7",0.0,",,,7",5.1,",7",9.9,",,,7",0.3,",,,7"
148,USC00421759,"COTTONWOOD WEIR, UT US",40.6189,-111.7836,1519.7,2014-12,656.8,7,0.0,",7",9.0,",7",8.0,",7",4.0,",7",2.0,",7",1.0,",7",20.0,",7",6.0,",7",0.0,",7",0.0,",7",-18.9,",7,31,",279.0,",,7,29,",254.0,",,7,29,",15.7,",,7,25,",16.1,",7,12,+",1041.5,7,505.6,",7",64.7,",,,7",330.0,",,,7",2.0,",7",6.1,",,,7",-2.1,",,,7"
149,USC00421759,"COTTONWOOD WEIR, UT US",40.6189,-111.7836,1519.7,2015-01,0.0,7,0.0,",7",2.0,",7",2.0,",7",,,0.0,",7",0.0,",7",23.0,",7",4.0,",7",0.0,",7",0.0,",7",-15.0,",7,01,",,,0.0,",,7,31,+",19.8,",,7,12,",13.3,",7,27,",1596.0,7,554.5,",7",31.2,",,,7",0.0,",,,7",0.4,",7",4.2,",,,7",-3.3,",,,7"
150,USC00421759,"COTTONWOOD WEIR, UT US",40.6189,-111.7836,1519.7,2015-02,0.0,7,0.0,",7",4.0,",7",2.0,",7",0.0,",7",0.0,",7",0.0,",7",11.0,",7",0.0,",7",0.0,",7",0.0,",7",-8.9,",7,23,",0.0,",,7,28,+",0.0,",,7,28,+",4.3,",,7,26,",20.0,",7,06,",1928.7,7,332.7,",7",8.9,",,,7",0.0,",,,7",6.4,",7",11.8,",,,7",1.1,",,,7"
151,USC00421759,"COTTONWOOD WEIR, UT US",40.6189,-111.7836,1519.7,2015-03,0.0,7,0.0,",7",5.0,",7",2.0,",7",0.0,"5,7",0.0,"2,7",0.0,",7",6.0,",7",0.0,",7",9.0,",7",0.0,",7",-5.6,",7,04,",0.0,"5,,7,31,+",0.0,"2,,7,31,+",19.8,",,7,03,",22.8,",7,31,+",2185.0,7,256.3,",7",28.9,",,,7",0.0,"2,,,7",10.1,",7",15.7,",,,7",4.4,",,,7"
152,USC00421759,"COTTONWOOD WEIR, UT US",40.6189,-111.7836,1519.7,2015-04,1.1,7,1.1,"1,7",7.0,",7",5.0,",7",,,,,0.0,",7",5.0,",7",0.0,"1,7",9.0,"1,7",0.0,"1,7",-3.3,",7,15,",,,,,27.9,",,7,15,",26.1,"1,7,29,",2378.9,7,193.9,"1,7",77.4,",,,7",,,11.6,"1,7",18.5,"1,,,7",4.7,",,,7"
153,USC00421759,"COTTONWOOD WEIR, UT US",40.6189,-111.7836,1519.7,2015-05,14.2,7,13.1,",7",18.0,",7",14.0,",7",0.0,",7",0.0,",7",0.0,",7",0.0,",7",0.0,",7",11.0,",7",0.0,",7",3.3,",7,10,",0.0,",,7,31,+",0.0,",,7,31,+",27.4,",,7,09,",30.6,",7,31,",2507.5,7,128.6,",7",145.2,",,,7",0.0,",,,7",14.6,",7",19.9,",,,7",9.3,",,,7"
154,USC00421759,"COTTONWOOD WEIR, UT US",40.6189,-111.7836,1519.7,2015-06,210.1,7,195.9,",7",3.0,",7",2.0,",7",0.0,",7",0.0,",7",0.0,",7",0.0,",7",0.0,",7",30.0,",7",14.0,",7",10.6,",7,07,",0.0,",,7,30,+",0.0,",,7,30,+",8.9,",,7,07,",37.8,",7,30,+",2509.2,7,1.7,",7",16.3,",,,7",0.0,",,,7",24.8,",7",31.4,",,,7",18.2,",,,7"
155,USC00421759,"COTTONWOOD WEIR, UT US",40.6189,-111.7836,1519.7,2015-07,407.5,7,197.4,",7",5.0,",7",3.0,",7",0.0,",7",0.0,",7",0.0,",7",0.0,",7",0.0,",7",31.0,",7",12.0,",7",12.8,",7,28,",0.0,",,7,31,+",0.0,",,7,31,+",13.0,",,7,09,",36.1,",7,01,",0.0,7,0.0,",7",20.5,",,,7",0.0,",,,7",24.7,",7",30.9,",,,7",18.4,",,,7"
156,USC00421759,"COTTONWOOD WEIR, UT US",40.6189,-111.7836,1519.7,2015-08,626.5,7,219.0,",7",4.0,",7",3.0,",7",0.0,",7",0.0,",7",0.0,",7",0.0,",7",0.0,",7",31.0,",7",16.0,",7",13.3,",7,08,",0.0,",,7,31,+",0.0,",,7,31,+",32.0,",,7,03,",36.1,",7,26,+",0.0,7,0.0,",7",58.9,",,,7",0.0,",,,7",25.4,",7",31.8,",,,7",19.0,",,,7"
157,USC00421759,"COTTONWOOD WEIR, UT US",40.6189,-111.7836,1519.7,2015-09,757.1,7,130.6,",7",3.0,",7",3.0,",7",0.0,",7",0.0,",7",0.0,",7",0.0,",7",0.0,",7",27.0,",7",0.0,",7",6.1,",7,18,",0.0,",,7,30,+",0.0,",,7,30,+",29.2,",,7,14,",31.7,",7,26,+",25.2,7,25.2,",7",47.8,",,,7",0.0,",,,7",21.9,",7",27.2,",,,7",16.4,",,,7"
158,USC00421759,"COTTONWOOD WEIR, UT US",40.6189,-111.7836,1519.7,2015-10,776.1,7,19.0,",7",11.0,",7",5.0,",7",0.0,",7",0.0,",7",0.0,",7",0.0,",7",0.0,",7",13.0,",7",0.0,",7",1.1,",7,30,",0.0,",,7,31,+",0.0,",,7,31,+",12.7,",,7,19,",28.9,",7,02,+",138.9,7,113.7,",7",52.3,",,,7",0.0,",,,7",15.3,",7",20.2,",,,7",10.3,",,,7"
159,USC00421759,"COTTONWOOD WEIR, UT US",40.6189,-111.7836,1519.7,2015-11,776.1,7,0.0,",7",10.0,",7",3.0,",7",0.0,",7",0.0,",7",0.0,",7",21.0,",7",3.0,",7",0.0,",7",0.0,",7",-10.0,",7,30,",0.0,",,7,30,+",0.0,",,7,30,+",17.0,",,7,10,",20.6,",7,04,+",584.0,7,445.1,",7",33.9,",,,7",0.0,",,,7",3.5,",7",8.5,",,,7",-1.5,",,,7"
160,USC00421759,"COTTONWOOD WEIR, UT US",40.6189,-111.7836,1519.7,2015-12,776.1,7,0.0,",7",9.0,",7",8.0,",7",,,9.0,",7",0.0,",7",28.0,",7",11.0,",7",0.0,",7",0.0,",7",-15.6,",7,27,",,,381.0,",,7,14,",36.8,",,7,14,",18.3,",7,09,",1180.6,7,596.6,",7",92.3,",,,7",1372.0,",,,7",-0.9,",7",3.3,",,,7",-5.1,",,,7"
161,USC00421759,"COTTONWOOD WEIR, UT US",40.6189,-111.7836,1519.7,2016-01,0.0,7,0.0,",7",13.0,",7",7.0,",7",,,,,0.0,",7",31.0,",7",11.0,",7",0.0,",7",0.0,",7",-15.6,",7,01,",,,,,19.8,",,7,24,",12.2,",7,30,",1801.1,7,620.5,",7",67.1,",,,7",,,-1.7,",7",2.2,",,,7",-5.5,",,,7"
162,USC00421759,"COTTONWOOD WEIR, UT US",40.6189,-111.7836,1519.7,2016-02,0.0,7,0.0,",7",6.0,",7",2.0,",7",13.0,",7",2.0,",7",0.0,",7",19.0,",7",4.0,",7",0.0,",7",0.0,",7",-10.6,",7,02,",203.0,",,7,05,",76.0,",,7,05,",10.2,",,7,18,",18.3,",7,17,",2262.7,7,461.6,",7",19.3,",,,7",127.0,",,,7",2.4,",7",7.5,",,,7",-2.6,",,,7"
163,USC00421759,"COTTONWOOD WEIR, UT US",40.6189,-111.7836,1519.7,2016-03,0.0,7,0.0,",7",6.0,",7",5.0,",7",3.0,",7",2.0,",7",0.0,",7",12.0,",7",0.0,",7",0.0,",7",0.0,",7",-1.7,",7,24,+",51.0,",,7,22,",51.0,",,7,22,",21.8,",,7,07,",20.6,",7,22,+",2593.9,7,331.2,",7",60.2,",,,7",76.0,",,,7",7.6,",7",13.0,",,,7",2.3,",,,7"
164,USC00421759,"COTTONWOOD WEIR, UT US",40.6189,-111.7836,1519.7,2016-04,2.8,7,2.8,"1,7",7.0,",7",7.0,",7",0.0,"2,7",0.0,"2,7",0.0,",7",3.0,",7",0.0,"1,7",11.0,"1,7",0.0,"1,7",-0.6,",7,16,",0.0,"2,,7,30,+",0.0,"2,,7,30,+",22.1,",,7,14,",25.6,"1,7,22,+",2778.7,7,184.8,"1,7",79.9,",,,7",0.0,"2,,,7",12.0,"1,7",17.9,"1,,,7",6.2,",,,7"
165,USC00421759,"COTTONWOOD WEIR, UT US",40.6189,-111.7836,1519.7,2016-05,11.9,7,9.1,",7",10.0,",7",8.0,",7",0.0,",7",0.0,",7",0.0,",7",0.0,",7",0.0,",7",15.0,",7",0.0,",7",2.2,",7,11,+",0.0,",,7,31,+",0.0,",,7,31,+",9.1,",,7,21,+",28.3,",7,15,+",2895.6,7,116.9,",7",50.0,",,,7",0.0,",,,7",14.9,",7",21.0,",,,7",8.7,",,,7"
166,USC00421759,"COTTONWOOD WEIR, UT US",40.6189,-111.7836,1519.7,2016-06,183.4,7,171.5,",7",3.0,",7",3.0,",7",0.0,",7",0.0,",7",0.0,",7",0.0,",7",0.0,",7",30.0,",7",15.0,",7",9.4,",7,12,",0.0,",,7,30,+",0.0,",,7,30,+",13.5,",,7,12,",35.6,",7,28,+",2899.0,7,3.4,",7",24.2,",,,7",0.0,",,,7",23.9,",7",31.1,",,,7",16.7,",,,7"
167,USC00421759,"COTTONWOOD WEIR, UT US",40.6189,-111.7836,1519.7,2016-07,453.4,7,270.0,",7",0.0,",7",0.0,",7",0.0,",7",0.0,",7",0.0,",7",0.0,",7",0.0,",7",31.0,",7",23.0,",7",8.9,",7,11,",0.0,",,7,31,+",0.0,",,7,31,+",0.0,",,7,31,+",36.7,",7,27,",0.5,7,0.5,",7",0.0,",,,7",0.0,",,,7",27.0,",7",33.4,",,,7",20.7,",,,7"
168,USC00421759,"COTTONWOOD WEIR, UT US",40.6189,-111.7836,1519.7,2016-08,680.5,7,227.1,",7",3.0,",7",0.0,",7",0.0,",7",0.0,",7",0.0,",7",0.0,",7",0.0,",7",31.0,",7",15.0,",7",15.6,",7,16,",0.0,",,7,31,+",0.0,",,7,31,+",2.3,",,7,07,",35.6,",7,03,+",0.5,7,0.0,",7",3.1,",,,7",0.0,",,,7",25.7,",7",31.8,",,,7",19.5,",,,7"
169,USC00421759,"COTTONWOOD WEIR, UT US",40.6189,-111.7836,1519.7,2016-09,742.3,7,61.8,",7",6.0,",7",4.0,",7",0.0,",7",0.0,",7",0.0,",7",0.0,",7",0.0,",7",25.0,",7",1.0,",7",6.1,",7,25,",0.0,",,7,30,+",0.0,",,7,30,+",27.9,",,7,23,",32.2,",7,01,",41.3,7,40.8,",7",58.7,",,,7",0.0,",,,7",19.0,",7",25.1,",,,7",13.0,",,,7"
170,USC00421759,"COTTONWOOD WEIR, UT US",40.6189,-111.7836,1519.7,2016-10,747.6,7,5.3,",7",4.0,",7",3.0,",7",0.0,",7",0.0,",7",0.0,",7",0.0,",7",0.0,",7",18.0,",7",0.0,",7",2.2,",7,20,",0.0,",,7,31,+",0.0,",,7,31,+",22.6,",,7,31,",25.0,",7,01,",168.4,7,127.1,",7",47.8,",,,7",0.0,",,,7",14.4,",7",20.0,",,,7",8.8,",,,7"
171,USC00421759,"COTTONWOOD WEIR, UT US",40.6189,-111.7836,1519.7,2016-11,747.6,7,0.0,",7",8.0,",7",7.0,",7",6.0,",7",3.0,",7",0.0,",7",10.0,",7",1.0,",7",2.0,",7",0.0,",7",-5.0,",7,30,",76.0,",,7,28,+",76.0,",,7,28,+",22.4,",,7,22,",21.7,",7,16,+",489.7,7,321.3,",7",74.3,",,,7",203.0,",,,7",7.6,",7",12.5,",,,7",2.8,",,,7"
172,USC00421759,"COTTONWOOD WEIR, UT US",40.6189,-111.7836,1519.7,2016-12,747.6,7,0.0,"1,7",12.0,"1,7",6.0,"1,7",17.0,"1,7",4.0,"1,7",0.0,"1,7",27.0,"1,7",13.0,"1,7",0.0,"1,7",0.0,"1,7",-13.9,"1,7,19,",330.0,"1,,7,26,+",330.0,"1,,7,25,",27.2,"1,,7,25,",15.6,"1,7,15,",1096.2,7,606.5,"1,7",77.2,"1,,,7",585.0,"1,,,7",-1.9,"1,7",2.0,"1,,,7",-5.8,"1,,,7"
173,USC00421759,"COTTONWOOD WEIR, UT US",40.6189,-111.7836,1519.7,2017-01,0.0,7,0.0,",7",12.0,",7",8.0,",7",19.0,"1,7",6.0,",7",1.0,",7",29.0,",7",16.0,",7",0.0,",7",0.0,",7",-17.8,",7,06,",356.0,"1,,7,21,",356.0,",,7,21,",25.4,",,7,21,",13.3,",7,09,",1750.4,7,654.2,",7",69.4,",,,7",737.0,",,,7",-2.8,",7",1.3,",,,7",-6.9,",,,7"
174,USC00421759,"COTTONWOOD WEIR, UT US",40.6189,-111.7836,1519.7,2017-02,0.0,7,0.0,",7",9.0,",7",7.0,",7",5.0,"1,7",3.0,",7",0.0,",7",16.0,",7",2.0,",7",0.0,",7",0.0,",7",-8.3,",7,25,",127.0,"1,,7,24,",102.0,",,7,27,",25.1,",,7,22,",20.0,",7,10,+",2143.1,7,392.7,",7",79.4,",,,7",229.0,",,,7",4.3,",7",9.0,",,,7",-0.4,",,,7"
175,USC00421759,"COTTONWOOD WEIR, UT US",40.6189,-111.7836,1519.7,2017-03,0.3,7,0.3,",7",9.0,",7",7.0,",7",1.0,",7",1.0,",7",0.0,",7",5.0,",7",0.0,",7",9.0,",7",0.0,",7",-5.6,",7,06,",76.0,",,7,06,",76.0,",,7,06,",37.6,",,7,23,",23.9,",7,18,",2405.7,7,262.6,",7",108.0,",,,7",76.0,",,,7",9.9,",7",15.3,",,,7",4.4,",,,7"
176,USC00421759,"COTTONWOOD WEIR, UT US",40.6189,-111.7836,1519.7,2017-04,0.6,7,0.3,",7",11.0,",7",10.0,",7",0.0,"3,7",0.0,"3,7",0.0,",7",6.0,",7",0.0,",7",5.0,",7",0.0,",7",-2.2,",7,09,",0.0,"3,,7,30,+",0.0,"3,,7,30,+",31.2,",,7,25,",24.4,",7,14,+",2669.2,7,263.5,",7",141.7,",,,7",0.0,"3,,,7",9.6,",7",15.3,",,,7",3.9,",,,7"
177,USC00421759,"COTTONWOOD WEIR, UT US",40.6189,-111.7836,1519.7,2017-05,26.6,7,26.0,",7",6.0,",7",3.0,",7",0.0,"1,7",0.0,"2,7",0.0,",7",2.0,",7",0.0,",7",17.0,",7",0.0,",7",0.0,",7,18,+",0.0,"1,,7,31,+",0.0,"2,,7,31,+",19.3,",,7,17,",30.6,",7,31,",2784.1,7,114.9,",7",29.7,",,,7",0.0,"2,,,7",15.5,",7",21.6,",,,7",9.3,",,,7"
178,USC00421759,"COTTONWOOD WEIR, UT US",40.6189,-111.7836,1519.7,2017-06,165.8,7,139.2,",7",3.0,",7",1.0,",7",0.0,",7",0.0,",7",0.0,",7",0.0,",7",0.0,",7",29.0,",7",10.0,",7",7.2,",7,14,+",0.0,",,7,30,+",0.0,",,7,30,+",5.3,",,7,13,",35.0,",7,20,",2793.3,7,9.2,",7",8.1,",,,7",0.0,",,,7",22.7,",7",30.1,",,,7",15.2,",,,7"
179,USC00421759,"COTTONWOOD WEIR, UT US",40.6189,-111.7836,1519.7,2017-07,461.8,7,296.0,",7",4.0,",7",3.0,",7",0.0,",7",0.0,",7",0.0,",7",0.0,",7",0.0,",7",31.0,",7",30.0,",7",17.2,",7,28,+",0.0,",,7,31,+",0.0,",,7,31,+",6.9,",,7,26,",36.7,",7,08,+",0.0,7,0.0,",7",16.8,",,,7",0.0,",,,7",27.9,",7",34.1,",,,7",21.6,",,,7"
180,USC00421759,"COTTONWOOD WEIR, UT US",40.6189,-111.7836,1519.7,2017-08,687.1,7,225.3,"1,7",2.0,"4,7",0.0,"4,7",0.0,",7",0.0,",7",0.0,",7",0.0,",7",0.0,"1,7",30.0,"1,7",15.0,"1,7",14.4,",7,15,",0.0,",,7,31,+",0.0,",,7,31,+",1.5,"4,,7,23,",35.6,"1,7,01,",0.0,7,0.0,"1,7",2.3,"4,,,7",0.0,",,,7",25.8,"1,7",31.6,"1,,,7",20.1,",,,7"
181,USC00421759,"COTTONWOOD WEIR, UT US",40.6189,-111.7836,1519.7,2017-09,785.5,7,98.4,",7",7.0,",7",4.0,",7",0.0,",7",0.0,",7",0.0,",7",0.0,",7",0.0,",7",22.0,",7",5.0,",7",1.7,",7,23,",0.0,",,7,30,+",0.0,",,7,30,+",32.5,",,7,24,",33.3,",7,05,+",83.1,7,83.1,",7",91.5,",,,7",0.0,",,,7",18.8,",7",24.5,",,,7",13.1,",,,7"
182,USC00421759,"COTTONWOOD WEIR, UT US",40.6189,-111.7836,1519.7,2017-10,785.5,7,0.0,",7",5.0,",7",0.0,",7",0.0,",7",0.0,",7",0.0,",7",3.0,",7",0.0,",7",6.0,",7",0.0,",7",-1.7,",7,15,",0.0,",,7,31,+",0.0,",,7,31,+",2.0,",,7,01,",23.3,",7,19,",338.0,7,254.9,",7",5.6,",,,7",0.0,",,,7",10.1,",7",16.8,",,,7",3.4,",,,7"
183,USC00421759,"COTTONWOOD WEIR, UT US",40.6189,-111.7836,1519.7,2017-11,785.5,7,0.0,",7",4.0,",7",2.0,",7",0.0,",7",0.0,",7",0.0,",7",13.0,",7",0.0,",7",0.0,",7",0.0,",7",-4.4,",7,08,",0.0,",,7,30,+",0.0,",,7,30,+",20.8,",,7,17,",18.3,",7,02,",681.2,7,343.2,",7",36.1,",,,7",0.0,",,,7",6.9,",7",11.9,",,,7",1.9,",,,7"
184,USC00421759,"COTTONWOOD WEIR, UT US",40.6189,-111.7836,1519.7,2017-12,785.5,7,0.0,",7",7.0,",7",4.0,",7",7.0,",7",5.0,",7",0.0,",7",29.0,",7",8.0,",7",0.0,",7",0.0,",7",-9.4,",7,12,",51.0,",,7,04,",51.0,",,7,04,",6.9,",,7,04,",14.4,",7,03,",1258.3,7,577.1,",7",23.4,",,,7",151.0,",,,7",-0.3,",7",4.1,",,,7",-4.6,",,,7"
185,USC00421759,"COTTONWOOD WEIR, UT US",40.6189,-111.7836,1519.7,2018-01,,,,,4.0,",7",3.0,",7",10.0,",7",1.0,",7",,,,,,,,,,,,,279.0,",,7,21,+",279.0,",,7,20,",28.4,",,7,20,",,,,,,,41.3,",,,7",279.0,",,,7",,,,,,
186,USC00421759,"COTTONWOOD WEIR, UT US",40.6189,-111.7836,1519.7,2018-02,,,0.0,"5,7",5.0,",7",3.0,",7",10.0,",7",3.0,",7",0.0,"2,7",17.0,"2,7",1.0,"3,7",0.0,"3,7",0.0,"3,7",-7.8,"2,7,25,+",381.0,",,7,23,",356.0,",,7,19,",34.3,",,7,19,",13.9,"3,7,18,",,,356.6,"3,7",50.6,",,,7",585.0,",,,7",3.1,"5,7",7.5,"3,,,7",-1.3,"2,,,7"
187,USC00421759,"COTTONWOOD WEIR, UT US",40.6189,-111.7836,1519.7,2018-03,,,0.0,",7",10.0,",7",6.0,",7",9.0,",7",,,0.0,",7",15.0,",7",0.0,",7",0.0,",7",0.0,",7",-5.6,",7,07,+",330.0,",,7,04,",,,29.7,",,7,04,",19.4,",7,31,",,,382.6,",7",81.6,",,,7",,,6.0,",7",11.4,",,,7",0.6,",,,7"
188,USC00421759,"COTTONWOOD WEIR, UT US",40.6189,-111.7836,1519.7,2018-04,,,5.8,",7",5.0,",7",4.0,",7",2.0,",7",2.0,",7",0.0,",7",4.0,",7",0.0,",7",9.0,",7",0.0,",7",-4.4,",7,03,",127.0,",,7,17,",127.0,",,7,17,",30.5,",,7,30,",27.8,",7,28,+",,,210.7,",7",63.8,",,,7",152.0,",,,7",11.5,",7",18.1,",,,7",5.0,",,,7"
189,USC00421759,"COTTONWOOD WEIR, UT US",40.6189,-111.7836,1519.7,2018-05,,,25.3,",7",8.0,",7",5.0,",7",0.0,",7",0.0,",7",0.0,",7",0.0,",7",0.0,",7",24.0,",7",0.0,",7",5.6,",7,13,+",0.0,",,7,31,+",0.0,",,7,31,+",9.7,",,7,23,+",29.4,",7,26,+",,,69.2,",7",40.1,",,,7",0.0,",,,7",16.9,",7",23.1,",,,7",10.8,",,,7"
190,USC00421759,"COTTONWOOD WEIR, UT US",40.6189,-111.7836,1519.7,2018-06,,,146.8,",7",1.0,",7",1.0,",7",0.0,",7",0.0,",7",0.0,",7",0.0,",7",0.0,",7",30.0,",7",12.0,",7",9.4,",7,12,+",0.0,",,7,30,+",0.0,",,7,30,+",8.1,",,7,18,",36.1,",7,28,+",,,2.0,",7",8.1,",,,7",0.0,",,,7",23.2,",7",30.4,",,,7",15.9,",,,7"
191,USC00421759,"COTTONWOOD WEIR, UT US",40.6189,-111.7836,1519.7,2018-07,,,321.0,",7",1.0,",7",0.0,",7",0.0,",7",0.0,",7",0.0,",7",0.0,",7",0.0,",7",31.0,",7",30.0,",7",15.0,",7,01,",0.0,",,7,31,+",0.0,",,7,31,+",2.3,",,7,09,",37.8,",7,07,+",0.0,7,0.0,",7",2.3,",,,7",0.0,",,,7",28.7,",7",35.0,",,,7",22.4,",,,7"
192,USC00421759,"COTTONWOOD WEIR, UT US",40.6189,-111.7836,1519.7,2018-08,,,233.7,",7",2.0,",7",2.0,",7",0.0,",7",0.0,",7",0.0,",7",0.0,",7",0.0,",7",31.0,",7",17.0,",7",10.6,",7,28,",0.0,",,7,31,+",0.0,",,7,31,+",24.9,",,7,24,",36.1,",7,10,+",1.1,7,1.1,",7",28.2,",,,7",0.0,",,,7",25.8,",7",32.3,",,,7",19.4,",,,7"
193,USC00421759,"COTTONWOOD WEIR, UT US",40.6189,-111.7836,1519.7,2018-09,,,126.3,",7",0.0,",7",0.0,",7",0.0,",7",0.0,",7",0.0,",7",0.0,",7",0.0,",7",29.0,",7",0.0,",7",5.6,",7,25,",0.0,",,7,30,+",0.0,",,7,30,+",0.0,",,7,30,+",31.7,",7,16,+",11.1,7,10.0,",7",0.0,",,,7",0.0,",,,7",22.2,",7",28.6,",,,7",15.8,",,,7"
194,USC00421759,"COTTONWOOD WEIR, UT US",40.6189,-111.7836,1519.7,2018-10,,,2.3,",7",11.0,",7",6.0,",7",0.0,",7",0.0,",7",0.0,",7",5.0,",7",0.0,",7",6.0,",7",0.0,",7",-2.8,",7,15,",0.0,",,7,31,+",0.0,",,7,31,+",35.1,",,7,10,",25.6,",7,02,",223.3,7,212.2,",7",95.7,",,,7",0.0,",,,7",11.6,",7",16.9,",,,7",6.2,",,,7"
195,USC00421759,"COTTONWOOD WEIR, UT US",40.6189,-111.7836,1519.7,2018-11,,,0.0,",7",10.0,",7",3.0,",7",0.0,"1,7",0.0,"3,7",0.0,",7",20.0,",7",0.0,",7",0.0,",7",0.0,",7",-6.1,",7,27,+",0.0,"1,,7,30,+",0.0,"3,,7,30,+",6.6,",,7,22,",16.7,",7,02,",684.8,7,461.5,",7",21.8,",,,7",0.0,"3,,,7",2.9,",7",7.6,",,,7",-1.7,",,,7"
196,USC00421759,"COTTONWOOD WEIR, UT US",40.6189,-111.7836,1519.7,2018-12,,,0.0,",7",10.0,",7",8.0,",7",27.0,",7",9.0,",7",0.0,",7",28.0,",7",11.0,",7",0.0,",7",0.0,",7",-10.6,",7,05,",229.0,",,7,31,",152.0,",,7,26,",20.6,",,7,26,",11.7,",7,17,",1283.2,7,598.4,",7",66.1,",,,7",711.0,",,,7",-1.0,",7",2.7,",,,7",-4.6,",,,7"
197,USC00421759,"COTTONWOOD WEIR, UT US",40.6189,-111.7836,1519.7,2019-01,0.0,,0.0,",7",9.0,",7",4.0,",7",31.0,",7",5.0,"1,7",0.0,",7",29.0,",7",9.0,",7",0.0,",7",0.0,",7",-15.6,",7,02,+",381.0,",,7,21,",356.0,"1,,7,21,",35.3,",,7,21,",11.1,",7,20,",1883.6,,600.4,",7",73.2,",,,7",559.0,"1,,,7",-1.0,",7",3.2,",,,7",-5.3,",,,7"
198,USC00421759,"COTTONWOOD WEIR, UT US",40.6189,-111.7836,1519.7,2019-02,0.0,,0.0,",7",10.0,",7",7.0,",7",21.0,",7",7.0,",7",0.0,",7",19.0,",7",6.0,",7",0.0,",7",0.0,",7",-12.2,",7,08,",457.0,",,7,11,+",356.0,",,7,06,",36.3,",,7,07,",14.4,",7,03,",2360.1,,476.5,",7",97.9,",,,7",863.0,",,,7",1.3,",7",6.1,",,,7",-3.5,",,,7"
199,USC00421759,"COTTONWOOD WEIR, UT US",40.6189,-111.7836,1519.7,2019-03,0.0,,0.0,",7",14.0,",7",9.0,",7",6.0,",7",4.0,",7",0.0,",7",19.0,",7",0.0,",7",0.0,",7",0.0,",7",-5.0,",7,15,+",356.0,",,7,14,",305.0,",,7,13,",40.1,",,7,29,",18.3,",7,27,",2761.7,,401.6,",7",143.5,",,,7",458.0,",,,7",5.4,",7",10.9,",,,7",-0.1,",,,7"
200,USC00427846,"SILVER LAKE BRIGHTON, UT US",40.6008,-111.5842,2664.0,2010-12,,,0.0,",0",17.0,"4,0",17.0,"4,0",30.0,"1,0",17.0,",0",4.0,",0",31.0,",0",16.0,",0",0.0,",0",0.0,",0",-20.6,",0,31,",1854.0,"1,,0,31,+",508.0,",,0,20,",64.8,"4,,0,20,",8.3,",0,15,",2191.7,0,707.7,",0",279.3,"4,,,0",2756.0,",,,0",-4.5,",0",-0.1,",,,0",-8.9,",,,0"
201,USC00427846,"SILVER LAKE BRIGHTON, UT US",40.6008,-111.5842,2664.0,2011-01,0.0,K,0.0,"1,K",,,,,31.0,",K",,,9.0,",K",31.0,",K",24.0,"1,K",0.0,"1,K",0.0,"1,K",-27.2,",K,03,+",1829.0,",,K,19,",,,,,5.6,"1,K,30,+",2999.6,K,807.9,"1,K",,,,,-8.5,"1,K",-2.7,"1,,,K",-14.2,",,,K"
202,USC00427846,"SILVER LAKE BRIGHTON, UT US",40.6008,-111.5842,2664.0,2011-02,0.0,K,0.0,"2,K",,,,,26.0,"2,K",,,8.0,"2,K",26.0,"2,K",19.0,"2,K",0.0,"2,K",0.0,"2,K",-29.4,"2,K,02,",2692.0,"2,,K,26,",,,,,6.1,"2,K,16,",3700.6,K,701.0,"2,K",,,,,-8.6,"2,K",-2.6,"2,,,K",-14.6,"2,,,K"
203,USC00427846,"SILVER LAKE BRIGHTON, UT US",40.6008,-111.5842,2664.0,2011-03,0.0,K,0.0,"2,K",,,,,,,,,0.0,"2,K",29.0,"2,K",13.0,"2,K",0.0,"2,K",0.0,"2,K",-17.2,"2,K,30,+",,,,,,,7.2,"2,K,31,+",4337.4,K,636.8,"2,K",,,,,-3.6,"2,K",1.6,"2,,,K",-8.8,"2,,,K"
204,USC00427846,"SILVER LAKE BRIGHTON, UT US",40.6008,-111.5842,2664.0,2011-04,0.0,K,0.0,"5,K",,,,,,,,,2.0,"5,K",25.0,"5,K",8.0,"4,K",0.0,"4,K",0.0,"4,K",-22.2,"5,K,08,",,,,,,,11.1,"4,K,02,",4881.9,K,544.5,"4,K",,,,,-3.4,"5,K",2.9,"4,,,K",-9.8,"5,,,K"
205,USC00427846,"SILVER LAKE BRIGHTON, UT US",40.6008,-111.5842,2664.0,2011-07,,,,,,,,,,,,,,,,,0.0,"4,K",14.0,"4,K",0.0,"4,K",,,,,,,,,25.0,"4,K,25,",,,,,,,,,,,21.2,"4,,,K",,
206,USC00427846,"SILVER LAKE BRIGHTON, UT US",40.6008,-111.5842,2664.0,2011-08,,,0.0,"2,K",,,,,,,,,0.0,"2,K",1.0,"2,K",0.0,"2,K",24.0,"2,K",0.0,"2,K",0.0,"2,K,12,",,,,,,,25.0,"2,K,24,",,,101.0,"2,K",,,,,14.9,"2,K",21.7,"2,,,K",8.0,"2,,,K"
207,USC00427846,"SILVER LAKE BRIGHTON, UT US",40.6008,-111.5842,2664.0,2011-09,,,0.0,",K",3.0,"1,K",1.0,"1,K",,,,,0.0,",K",2.0,",K",0.0,",K",5.0,",K",0.0,",K",0.0,",K,22,+",,,,,20.6,"1,,K,17,",21.1,",K,08,+",,,242.5,",K",23.1,"1,,,K",,,10.3,",K",17.7,",,,K",2.8,",,,K"
208,USC00427846,"SILVER LAKE BRIGHTON, UT US",40.6008,-111.5842,2664.0,2011-10,,,0.0,"3,K",8.0,"1,K",7.0,"1,K",,,,,0.0,"3,K",23.0,"3,K",2.0,"3,K",0.0,"3,K",0.0,"3,K",-11.7,"3,K,27,",,,,,39.9,"1,,K,06,",19.4,"3,K,01,",,,410.7,"3,K",78.8,"1,,,K",,,3.7,"3,K",9.5,"3,,,K",-2.2,"3,,,K"
209,USC00427846,"SILVER LAKE BRIGHTON, UT US",40.6008,-111.5842,2664.0,2011-11,,,0.0,"2,K",11.0,"1,K",10.0,"1,K",28.0,"2,K",11.0,",K",0.0,"2,K",27.0,"2,K",12.0,"1,K",0.0,"1,K",0.0,"1,K",-15.6,"2,K,26,+",533.0,"2,,K,22,+",229.0,",,K,19,",23.1,"1,,K,13,",10.0,"1,K,02,+",,,631.4,"1,K",85.6,"1,,,K",1168.0,",,,K",-4.1,"2,K",1.6,"1,,,K",-9.9,"2,,,K"
210,USC00427846,"SILVER LAKE BRIGHTON, UT US",40.6008,-111.5842,2664.0,2011-12,,,0.0,"2,K",11.0,"1,K",3.0,"1,K",31.0,",K",,,3.0,",K",31.0,",K",17.0,"2,K",0.0,"2,K",0.0,"2,K",-21.7,",K,05,",508.0,",,K,31,+",,,9.4,"1,,K,29,",7.2,"2,K,19,",,,730.4,"2,K",26.9,"1,,,K",,,-6.8,"2,K",-0.7,"2,,,K",-12.8,",,,K"
211,USC00427846,"SILVER LAKE BRIGHTON, UT US",40.6008,-111.5842,2664.0,2012-01,0.0,7,0.0,",K",7.0,"1,K",7.0,"1,K",31.0,",K",,,5.0,",K",31.0,",K",12.0,",K",0.0,",K",0.0,",K",-24.4,",K,29,+",1397.0,",,K,28,+",,,31.5,"1,,K,22,",10.0,",K,03,",,,755.2,",K",113.3,"1,,,K",,,-6.0,",K",0.4,",,,K",-12.5,",,,K"
212,USC00427846,"SILVER LAKE BRIGHTON, UT US",40.6008,-111.5842,2664.0,2012-02,0.0,7,0.0,"1,K",,,,,27.0,"2,K",,,3.0,",K",29.0,",K",21.0,"1,K",0.0,"1,K",0.0,"1,K",-19.4,",K,20,",1422.0,"2,,K,29,",,,,,4.4,"1,K,24,",,,712.9,"1,K",,,,,-7.2,"1,K",-2.0,"1,,,K",-12.5,",,,K"
213,USC00427846,"SILVER LAKE BRIGHTON, UT US",40.6008,-111.5842,2664.0,2012-03,0.0,7,0.0,"2,K",9.0,"2,K",7.0,"2,K",31.0,",K",,,0.0,"1,K",26.0,"1,K",7.0,"2,K",0.0,"2,K",0.0,"2,K",-15.0,"1,K,20,",1803.0,",,K,03,",,,36.8,"2,,K,18,",11.1,"2,K,23,",,,586.4,"2,K",109.2,"2,,,K",,,-1.8,"2,K",3.6,"2,,,K",-7.2,"1,,,K"
214,USC00427846,"SILVER LAKE BRIGHTON, UT US",40.6008,-111.5842,2664.0,2012-04,0.0,7,0.0,"5,K",9.0,"4,K",9.0,"4,K",24.0,"4,K",,,0.0,"5,K",19.0,"5,K",2.0,"4,K",0.0,"4,K",0.0,"4,K",-15.0,"5,K,02,",965.0,"4,,K,02,",,,21.1,"4,,K,12,",18.9,"4,K,24,",,,406.2,"4,K",93.2,"4,,,K",,,2.1,"5,K",8.8,"4,,,K",-4.5,"5,,,K"
215,USC00427846,"SILVER LAKE BRIGHTON, UT US",40.6008,-111.5842,2664.0,2012-05,0.0,7,0.0,"5,K",5.0,"4,K",5.0,"4,K",,,,,0.0,"4,K",17.0,"4,K",0.0,"5,K",1.0,"5,K",0.0,"5,K",-17.2,"4,K,05,",,,,,24.9,"4,,K,27,",21.1,"5,K,22,",,,312.8,"5,K",62.5,"4,,,K",,,6.3,"5,K",13.5,"5,,,K",-1.0,"4,,,K"
216,USC00427846,"SILVER LAKE BRIGHTON, UT US",40.6008,-111.5842,2664.0,2012-06,0.0,7,0.0,"3,K",0.0,"2,K",0.0,"2,K",,,,,0.0,"3,K",8.0,"3,K",0.0,"2,K",14.0,"2,K",0.0,"2,K",-4.4,"3,K,10,+",,,,,0.0,"2,T,K,01,",23.9,"2,K,25,+",,,180.0,"2,K",0.0,"2,T,,K",,,11.7,"3,K",20.0,"2,,,K",3.5,"3,,,K"
217,USC00427846,"SILVER LAKE BRIGHTON, UT US",40.6008,-111.5842,2664.0,2012-07,0.0,7,0.0,"3,K",5.0,"2,K",2.0,"2,K",,,,,0.0,"3,K",1.0,"3,K",0.0,"2,K",21.0,"2,K",0.0,"2,K",0.0,"3,K,06,",,,,,12.7,"2,,K,06,",26.1,"2,K,13,+",107.8,7,107.8,"2,K",26.5,"2,,,K",,,14.5,"3,K",22.2,"2,,,K",6.7,"3,,,K"
218,USC00427846,"SILVER LAKE BRIGHTON, UT US",40.6008,-111.5842,2664.0,2012-08,0.0,7,0.0,",K",1.0,",K",1.0,",K",,,,,0.0,",K",0.0,",K",0.0,",K",30.0,",K",0.0,",K",3.3,",K,18,",,,,,15.0,",,K,31,",26.7,",K,11,",191.0,7,83.2,",K",15.0,",,,K",,,15.6,",K",23.7,",,,K",7.6,",,,K"
219,USC00427846,"SILVER LAKE BRIGHTON, UT US",40.6008,-111.5842,2664.0,2012-09,0.0,7,0.0,"2,7",7.0,",7",5.0,",7",,,,,0.0,"2,7",6.0,"2,7",0.0,"2,7",1.0,"2,7",0.0,"2,7",-5.0,"2,7,18,+",,,,,16.0,",,7,01,",22.2,"2,7,06,",435.4,7,244.4,"2,7",53.9,",,,7",,,9.6,"2,7",17.0,"2,,,7",2.2,"2,,,7"
220,USC00427846,"SILVER LAKE BRIGHTON, UT US",40.6008,-111.5842,2664.0,2012-10,0.0,7,0.0,"3,7",6.0,"4,7",6.0,"4,7",5.0,"5,7",6.0,"1,7",0.0,"3,7",22.0,"3,7",2.0,"3,7",0.0,"3,7",0.0,"3,7",-15.0,"3,7,26,",229.0,"5,,7,26,",178.0,"1,,7,25,",25.4,"4,,7,23,",17.2,"3,7,02,",842.7,7,407.3,"3,7",75.6,"4,,,7",584.0,"1,,,7",3.8,"3,7",10.4,"3,,,7",-2.8,"3,,,7"
221,USC00427846,"SILVER LAKE BRIGHTON, UT US",40.6008,-111.5842,2664.0,2012-11,0.0,7,0.0,"1,7",5.0,",7",5.0,",7",22.0,",7",4.0,",7",3.0,"1,7",28.0,"1,7",6.0,"1,7",0.0,"1,7",0.0,"1,7",-22.2,"1,7,12,",508.0,",,7,11,",330.0,",,7,10,",30.5,",,7,10,",13.3,"1,7,09,",1407.5,7,564.8,"1,7",102.6,",,,7",851.0,",,,7",-1.1,"1,7",4.8,"1,,,7",-7.1,"1,,,7"
222,USC00427846,"SILVER LAKE BRIGHTON, UT US",40.6008,-111.5842,2664.0,2012-12,,,,,,,,,26.0,"5,7",,,,,,,18.0,"1,7",0.0,"1,7",0.0,"1,7",,,1016.0,"5,,7,18,",,,,,6.7,"1,7,03,+",,,,,,,,,,,-1.9,"1,,,7",,
223,USC00427846,"SILVER LAKE BRIGHTON, UT US",40.6008,-111.5842,2664.0,2013-01,,,,,8.0,"4,7",7.0,"4,7",26.0,"5,7",7.0,"4,7",,,,,,,,,,,,,1295.0,"5,,7,31,",254.0,"4,,7,28,",26.2,"4,,7,28,",,,,,,,75.7,"4,,,7",788.0,"4,,,7",,,,,,
224,USC00427846,"SILVER LAKE BRIGHTON, UT US",40.6008,-111.5842,2664.0,2013-02,,,0.0,"2,7",7.0,"3,7",6.0,"3,7",25.0,"3,7",7.0,"3,7",8.0,"2,7",26.0,"2,7",13.0,"2,7",0.0,"2,7",0.0,"2,7",-20.6,"2,7,27,+",1219.0,"3,,7,24,",152.0,"3,,7,24,",11.4,"3,,7,24,",6.1,"2,7,10,+",,,662.2,"2,7",41.9,"3,,,7",507.0,"3,,,7",-7.1,"2,7",0.3,"2,,,7",-14.5,"2,,,7"
225,USC00427846,"SILVER LAKE BRIGHTON, UT US",40.6008,-111.5842,2664.0,2013-03,,,0.0,",7",10.0,",7",10.0,",7",31.0,",7",9.0,"1,7",0.0,",7",30.0,",7",7.0,",7",0.0,",7",0.0,",7",-16.1,",7,22,",1168.0,",,7,09,",127.0,"1,,7,21,+",13.0,",,7,09,",12.8,",7,15,",,,647.2,",7",79.2,",,,7",674.0,"1,,,7",-2.5,",7",3.3,",,,7",-8.3,",,,7"
226,USC00427846,"SILVER LAKE BRIGHTON, UT US",40.6008,-111.5842,2664.0,2013-04,,,0.0,"3,7",9.0,"2,7",9.0,"2,7",27.0,"3,7",8.0,"2,7",0.0,"3,7",27.0,"3,7",7.0,"2,7",0.0,"2,7",0.0,"2,7",-16.7,"3,7,21,+",1143.0,"3,,7,09,",305.0,"2,,7,02,",29.5,"2,,7,02,",12.8,"2,7,30,",,,540.9,"2,7",121.2,"2,,,7",1144.0,"2,,,7",-1.8,"3,7",4.9,"2,,,7",-8.6,"3,,,7"
227,USC00427846,"SILVER LAKE BRIGHTON, UT US",40.6008,-111.5842,2664.0,2013-05,,,0.0,"2,7",4.0,"2,7",4.0,"2,7",13.0,"4,7",3.0,"2,7",0.0,"2,7",17.0,"2,7",0.0,"2,7",0.0,"2,7",0.0,"2,7",-8.9,"2,7,01,",610.0,"4,,7,01,",51.0,"2,,7,19,+",9.9,"2,,7,20,",19.4,"2,7,14,+",,,365.0,"2,7",34.8,"2,,,7",127.0,"2,,,7",5.8,"2,7",12.0,"2,,,7",-0.5,"2,,,7"
228,USC00427846,"SILVER LAKE BRIGHTON, UT US",40.6008,-111.5842,2664.0,2013-06,,,0.0,"4,7",0.0,",7",0.0,",7",,,,,0.0,"4,7",5.0,"4,7",0.0,"4,7",8.0,"4,7",0.0,"4,7",-5.0,"4,7,21,+",,,,,0.0,",,7,30,+",25.6,"4,7,30,+",,,160.9,"4,7",0.0,",,,7",,,12.1,"4,7",19.6,"4,,,7",4.7,"4,,,7"
229,USC00427846,"SILVER LAKE BRIGHTON, UT US",40.6008,-111.5842,2664.0,2013-08,,,0.0,"4,7",7.0,"3,7",7.0,"3,7",,,,,0.0,"4,7",0.0,"4,7",0.0,"2,7",18.0,"2,7",0.0,"2,7",2.8,"4,7,15,",,,,,29.2,"3,,7,24,",23.9,"2,7,19,",,,121.2,"2,7",66.8,"3,,,7",,,13.9,"4,7",21.1,"2,,,7",6.7,"4,,,7"
230,USC00427846,"SILVER LAKE BRIGHTON, UT US",40.6008,-111.5842,2664.0,2013-09,,,0.0,"4,7",10.0,"3,7",9.0,"3,7",,,,,0.0,"4,7",7.0,"4,7",1.0,"3,7",4.0,"3,7",0.0,"3,7",-10.6,"4,7,26,",,,,,15.2,"3,,7,11,",22.8,"3,7,06,",,,219.4,"3,7",86.2,"3,,,7",,,9.9,"4,7",16.2,"3,,,7",3.6,"4,,,7"
231,USC00427846,"SILVER LAKE BRIGHTON, UT US",40.6008,-111.5842,2664.0,2013-10,,,0.0,"2,7",8.0,"2,7",7.0,"2,7",,,6.0,"2,7",0.0,"2,7",26.0,"2,7",1.0,"2,7",0.0,"2,7",0.0,"2,7",-14.4,"2,7,16,",,,254.0,"2,,7,29,",21.8,"2,,7,04,",15.6,"2,7,01,",,,470.0,"2,7",75.8,"2,,,7",757.0,"2,,,7",2.1,"2,7",8.9,"2,,,7",-4.6,"2,,,7"
232,USC00427846,"SILVER LAKE BRIGHTON, UT US",40.6008,-111.5842,2664.0,2013-11,,,0.0,"1,7",9.0,"5,7",9.0,"5,7",18.0,"4,7",9.0,"5,7",0.0,"1,7",29.0,"1,7",5.0,"1,7",0.0,"1,7",0.0,"1,7",-17.2,"1,7,30,+",432.0,"4,,7,17,",254.0,"5,,7,17,",15.2,"5,,7,17,",12.8,"1,7,12,",,,582.0,"1,7",51.4,"5,,,7",787.0,"5,,,7",-1.7,"1,7",4.4,"1,,,7",-7.9,"1,,,7"
233,USC00427846,"SILVER LAKE BRIGHTON, UT US",40.6008,-111.5842,2664.0,2013-12,,,0.0,"2,7",8.0,"2,7",7.0,"2,7",29.0,"2,7",8.0,"2,7",8.0,"2,7",29.0,"2,7",17.0,"2,7",0.0,"2,7",0.0,"2,7",-25.6,"2,7,06,",686.0,"2,,7,24,+",279.0,"2,,7,03,",25.7,"2,,7,03,",9.4,"2,7,27,",,,770.8,"2,7",80.6,"2,,,7",964.0,"2,,,7",-8.2,"2,7",-2.1,"2,,,7",-14.4,"2,,,7"
234,USC00427846,"SILVER LAKE BRIGHTON, UT US",40.6008,-111.5842,2664.0,2014-01,0.0,7,0.0,"1,7",7.0,"1,7",7.0,"1,7",30.0,"1,7",7.0,"1,7",3.0,"1,7",30.0,"1,7",12.0,"1,7",0.0,"1,7",0.0,"1,7",-21.1,"1,7,07,",914.0,"1,,7,14,+",229.0,"1,,7,09,",31.0,"1,,7,30,",6.1,"1,7,20,",,,726.1,"1,7",80.8,"1,,,7",864.0,"1,,,7",-5.9,"1,7",0.9,"1,,,7",-12.7,"1,,,7"
235,USC00427846,"SILVER LAKE BRIGHTON, UT US",40.6008,-111.5842,2664.0,2014-02,0.0,7,0.0,"3,7",16.0,",7",15.0,",7",25.0,"3,7",12.0,"3,7",4.0,"3,7",25.0,"3,7",15.0,"3,7",0.0,"3,7",0.0,"3,7",-21.1,"3,7,05,",1524.0,"3,,7,17,",254.0,"3,,7,08,",68.6,",,7,09,",6.7,"3,7,26,",,,593.3,"3,7",230.1,",,,7",1283.0,"3,,,7",-5.4,"3,7",-0.6,"3,,,7",-10.2,"3,,,7"
236,USC00427846,"SILVER LAKE BRIGHTON, UT US",40.6008,-111.5842,2664.0,2014-03,0.0,7,0.0,"1,7",8.0,",7",8.0,",7",31.0,",7",8.0,",7",1.0,"1,7",30.0,"1,7",5.0,"1,7",0.0,"1,7",0.0,"1,7",-20.0,"1,7,31,",1778.0,",,7,08,+",305.0,",,7,01,",31.0,",,7,01,",10.0,"1,7,11,+",,,629.9,"1,7",118.7,",,,7",1167.0,",,,7",-2.7,"1,7",3.7,"1,,,7",-9.0,"1,,,7"
237,USC00427846,"SILVER LAKE BRIGHTON, UT US",40.6008,-111.5842,2664.0,2014-04,,,,,6.0,"1,7",6.0,"1,7",29.0,"1,7",6.0,"1,7",,,,,,,,,,,,,1778.0,"1,,7,02,+",254.0,"1,,7,28,+",27.9,"1,,7,01,",,,,,,,96.4,"1,,,7",839.0,"1,,,7",,,,,,
238,USC00427846,"SILVER LAKE BRIGHTON, UT US",40.6008,-111.5842,2664.0,2014-05,,,,,6.0,"5,7",6.0,"5,7",16.0,"5,7",5.0,"5,7",,,,,,,,,,,,,610.0,"5,,7,01,",76.0,"5,,7,11,+",14.2,"5,,7,12,",,,,,,,58.1,"5,,,7",253.0,"5,,,7",,,,,,
239,USC00427846,"SILVER LAKE BRIGHTON, UT US",40.6008,-111.5842,2664.0,2014-06,,,0.0,"3,7",3.0,"3,7",3.0,"3,7",1.0,"3,7",1.0,"3,7",0.0,"3,7",5.0,"3,7",0.0,"3,7",7.0,"3,7",0.0,"3,7",-6.7,"3,7,18,",152.0,"3,,7,18,",152.0,"3,,7,18,",25.9,"3,,7,18,",22.2,"3,7,28,+",,,199.0,"3,7",36.0,"3,,,7",152.0,"3,,,7",11.0,"3,7",18.8,"3,,,7",3.1,"3,,,7"
240,USC00427846,"SILVER LAKE BRIGHTON, UT US",40.6008,-111.5842,2664.0,2014-07,,,2.5,"2,7",5.0,",7",5.0,",7",0.0,",7",0.0,",7",0.0,"2,7",0.0,"2,7",0.0,"2,7",27.0,"2,7",0.0,"2,7",2.2,"2,7,01,",0.0,",,7,31,+",0.0,",,7,31,+",25.4,",,7,31,",26.1,"2,7,24,+",63.9,7,63.9,"2,7",48.2,",,,7",0.0,",,,7",16.2,"2,7",23.3,"2,,,7",9.2,"2,,,7"
241,USC00427846,"SILVER LAKE BRIGHTON, UT US",40.6008,-111.5842,2664.0,2014-08,,,0.0,"2,7",14.0,"1,7",12.0,"1,7",0.0,",7",0.0,",7",0.0,"2,7",1.0,"2,7",0.0,"1,7",10.0,"1,7",0.0,"1,7",0.0,"2,7,23,",0.0,",,7,31,+",0.0,",,7,31,+",36.8,"1,,7,23,",23.9,"1,7,20,+",226.9,7,163.0,"1,7",119.6,"1,,,7",0.0,",,,7",12.7,"2,7",19.3,"1,,,7",6.2,"2,,,7"
242,USC00427846,"SILVER LAKE BRIGHTON, UT US",40.6008,-111.5842,2664.0,2014-09,,,0.0,",7",9.0,",7",9.0,",7",0.0,",7",0.0,",7",0.0,",7",3.0,",7",0.0,",7",8.0,",7",0.0,",7",-1.1,",7,13,+",0.0,",,7,30,+",0.0,",,7,30,+",24.1,",,7,27,",22.8,",7,18,",448.1,7,221.2,",7",91.1,",,,7",0.0,",,,7",11.0,",7",17.5,",,,7",4.4,",,,7"
243,USC00427846,"SILVER LAKE BRIGHTON, UT US",40.6008,-111.5842,2664.0,2014-10,,,0.0,"2,7",2.0,"3,7",2.0,"3,7",2.0,"2,7",2.0,"2,7",0.0,"2,7",16.0,"2,7",1.0,"2,7",0.0,"2,7",0.0,"2,7",-7.2,"2,7,28,",25.0,"2,,7,12,+",38.0,"2,,7,12,",7.6,"3,,7,01,",15.6,"2,7,25,+",815.7,7,367.6,"2,7",10.9,"3,,,7",63.0,"2,,,7",5.7,"2,7",11.9,"2,,,7",-0.6,"2,,,7"
244,USC00427846,"SILVER LAKE BRIGHTON, UT US",40.6008,-111.5842,2664.0,2014-11,,,0.0,"1,7",9.0,"1,7",9.0,"1,7",28.0,"1,7",9.0,"1,7",1.0,"1,7",27.0,"1,7",11.0,"1,7",0.0,"1,7",0.0,"1,7",-22.8,"1,7,16,",660.0,"1,,7,25,+",305.0,"1,,7,23,+",37.6,"1,,7,23,",12.2,"1,7,07,+",1410.1,7,594.4,"1,7",117.8,"1,,,7",1155.0,"1,,,7",-2.2,"1,7",3.4,"1,,,7",-7.8,"1,,,7"
245,USC00427846,"SILVER LAKE BRIGHTON, UT US",40.6008,-111.5842,2664.0,2014-12,,,0.0,"2,7",12.0,"2,7",12.0,"2,7",29.0,"2,7",12.0,"2,7",3.0,"2,7",29.0,"2,7",12.0,"2,7",0.0,"2,7",0.0,"2,7",-26.1,"2,7,30,",965.0,"2,,7,29,",188.0,"2,,7,21,",35.8,"2,,7,22,",8.9,"2,7,11,",2085.6,7,675.5,"2,7",108.5,"2,,,7",1278.0,"2,,,7",-5.0,"2,7",0.0,"2,,,7",-9.9,"2,,,7"
246,USC00427846,"SILVER LAKE BRIGHTON, UT US",40.6008,-111.5842,2664.0,2015-01,0.0,7,0.0,",7",8.0,",7",7.0,",7",31.0,",7",7.0,",7",2.0,",7",31.0,",7",11.0,",7",0.0,",7",0.0,",7",-21.1,",7,21,",1194.0,",,7,13,",305.0,",,7,13,",26.7,",,7,13,",11.1,",7,27,",2767.1,7,681.5,",7",55.4,",,,7",660.0,",,,7",-3.6,",7",2.0,",,,7",-9.3,",,,7"
247,USC00427846,"SILVER LAKE BRIGHTON, UT US",40.6008,-111.5842,2664.0,2015-02,0.0,7,0.0,"1,7",5.0,"1,7",4.0,"1,7",27.0,"1,7",4.0,"1,7",0.0,"1,7",27.0,"1,7",7.0,"1,7",0.0,"1,7",0.0,"1,7",-16.1,"1,7,28,",991.0,"1,,7,21,",127.0,"1,,7,21,",20.3,"1,,7,10,",12.8,"1,7,15,",3327.8,7,560.7,"1,7",33.5,"1,,,7",363.0,"1,,,7",-2.4,"1,7",3.7,"1,,,7",-8.5,"1,,,7"
248,USC00427846,"SILVER LAKE BRIGHTON, UT US",40.6008,-111.5842,2664.0,2015-03,0.0,7,0.0,"1,7",5.0,"1,7",5.0,"1,7",30.0,"1,7",5.0,"1,7",0.0,"1,7",30.0,"1,7",5.0,"1,7",0.0,"1,7",0.0,"1,7",-16.7,"1,7,05,+",1270.0,"1,,7,03,",279.0,"1,,7,03,",21.6,"1,,7,03,",13.3,"1,7,31,",3885.1,7,557.3,"1,7",50.0,"1,,,7",660.0,"1,,,7",-0.2,"1,7",6.6,"1,,,7",-7.1,"1,,,7"
249,USC00427846,"SILVER LAKE BRIGHTON, UT US",40.6008,-111.5842,2664.0,2015-04,0.0,7,0.0,",7",6.0,",7",6.0,",7",18.0,",7",4.0,",7",0.0,",7",28.0,",7",3.0,",7",0.0,",7",0.0,",7",-13.3,",7,03,",356.0,",,7,01,",305.0,",,7,15,",20.3,",,7,15,",14.4,",7,30,",4410.1,7,525.0,",7",60.4,",,,7",559.0,",,,7",0.8,",7",6.7,",,,7",-5.1,",,,7"
250,USC00427846,"SILVER LAKE BRIGHTON, UT US",40.6008,-111.5842,2664.0,2015-05,0.0,7,0.0,"3,7",15.0,"3,7",14.0,"3,7",,,4.0,"3,7",0.0,"3,7",17.0,"3,7",0.0,"3,7",0.0,"3,7",0.0,"3,7",-5.0,"3,7,11,",,,178.0,"3,,7,17,",37.3,"3,,7,17,",18.9,"3,7,30,",4786.3,7,376.2,"3,7",152.9,"3,,,7",356.0,"3,,,7",4.9,"3,7",10.0,"3,,,7",-0.2,"3,,,7"
251,USC00427846,"SILVER LAKE BRIGHTON, UT US",40.6008,-111.5842,2664.0,2015-06,2.0,7,2.0,"3,7",3.0,",7",3.0,",7",0.0,",7",0.0,",7",0.0,"3,7",0.0,"3,7",0.0,"3,7",13.0,"3,7",0.0,"3,7",1.1,"3,7,07,",0.0,",,7,30,+",0.0,",,7,30,+",19.3,",,7,07,",26.7,"3,7,30,+",4912.2,7,125.9,"3,7",30.9,",,,7",0.0,",,,7",13.7,"3,7",20.9,"3,,,7",6.5,"3,,,7"
252,USC00427846,"SILVER LAKE BRIGHTON, UT US",40.6008,-111.5842,2664.0,2015-07,2.6,7,0.6,"1,7",1.0,",7",1.0,",7",0.0,",7",0.0,",7",0.0,"1,7",3.0,"1,7",0.0,"1,7",11.0,"1,7",0.0,"1,7",0.0,"1,7,31,+",0.0,",,7,31,+",0.0,",,7,31,+",41.9,",,7,09,",26.1,"1,7,01,",148.9,7,148.9,"1,7",41.9,",,,7",0.0,",,,7",13.4,"1,7",20.1,"1,,,7",6.7,"1,,,7"
253,USC00427846,"SILVER LAKE BRIGHTON, UT US",40.6008,-111.5842,2664.0,2015-08,,,,,6.0,"5,7",5.0,"5,7",0.0,",7",0.0,",7",,,,,,,,,,,,,0.0,",,7,31,+",0.0,",,7,31,+",20.8,"5,,7,26,",,,,,,,69.1,"5,,,7",0.0,",,,7",,,,,,
254,USC00427846,"SILVER LAKE BRIGHTON, UT US",40.6008,-111.5842,2664.0,2015-09,,,0.0,",7",3.0,",7",3.0,",7",0.0,",7",0.0,",7",0.0,",7",6.0,",7",0.0,",7",10.0,",7",0.0,",7",-2.8,",7,19,",0.0,",,7,30,+",0.0,",,7,30,+",37.3,",,7,17,",22.2,",7,27,+",,,192.9,",7",79.4,",,,7",0.0,",,,7",11.9,",7",18.6,",,,7",5.2,",,,7"
255,USC00427846,"SILVER LAKE BRIGHTON, UT US",40.6008,-111.5842,2664.0,2015-10,,,0.0,"1,7",6.0,",7",6.0,",7",0.0,",7",0.0,",7",0.0,"1,7",12.0,"1,7",0.0,"1,7",0.0,"1,7",0.0,"1,7",-6.1,"1,7,30,",0.0,",,7,31,+",8.0,",,7,30,",44.5,",,7,03,",18.9,"1,7,02,",,,343.0,"1,7",84.3,",,,7",8.0,",,,7",6.9,"1,7",12.8,"1,,,7",1.0,"1,,,7"
256,USC00427846,"SILVER LAKE BRIGHTON, UT US",40.6008,-111.5842,2664.0,2015-11,,,0.0,"1,7",11.0,"1,7",7.0,"1,7",22.0,"5,7",9.0,"2,7",2.0,"1,7",28.0,"1,7",9.0,"1,7",0.0,"1,7",0.0,"1,7",-18.9,"1,7,29,",432.0,"5,,7,17,",279.0,"2,,7,16,",20.1,"1,,7,16,",11.1,"1,7,04,+",,,631.1,"1,7",67.6,"1,,,7",862.0,"2,,,7",-3.4,"1,7",2.4,"1,,,7",-9.2,"1,,,7"
257,USC00427846,"SILVER LAKE BRIGHTON, UT US",40.6008,-111.5842,2664.0,2015-12,,,0.0,"2,7",,,,,28.0,"3,7",10.0,"3,7",8.0,"2,7",29.0,"2,7",17.0,"2,7",0.0,"2,7",0.0,"2,7",-22.2,"2,7,31,",1448.0,"3,,7,25,",584.0,"3,,7,22,",,,8.9,"2,7,09,",,,744.9,"2,7",,,1690.0,"3,,,7",-7.4,"2,7",-1.6,"2,,,7",-13.1,"2,,,7"
258,USC00427846,"SILVER LAKE BRIGHTON, UT US",40.6008,-111.5842,2664.0,2016-01,0.0,7,0.0,"1,7",14.0,"1,7",13.0,"1,7",30.0,"1,7",14.0,"1,7",4.0,"1,7",30.0,"1,7",19.0,"1,7",0.0,"1,7",0.0,"1,7",-18.9,"1,7,11,+",1397.0,"1,,7,30,",305.0,"1,,7,30,",35.1,"1,,7,30,",5.0,"1,7,23,+",,,734.8,"1,7",138.5,"1,,,7",1614.0,"1,,,7",-6.2,"1,7",-1.3,"1,,,7",-11.0,"1,,,7"
259,USC00427846,"SILVER LAKE BRIGHTON, UT US",40.6008,-111.5842,2664.0,2016-02,0.0,7,0.0,",7",8.0,",7",6.0,",7",26.0,"3,7",8.0,",7",2.0,",7",29.0,",7",7.0,",7",0.0,",7",0.0,",7",-18.9,",7,03,+",1575.0,"3,,7,02,",203.0,",,7,01,",17.8,",,7,18,",10.6,",7,12,+",,,623.2,",7",54.9,",,,7",610.0,",,,7",-3.2,",7",3.3,",,,7",-9.6,",,,7"
260,USC00427846,"SILVER LAKE BRIGHTON, UT US",40.6008,-111.5842,2664.0,2016-03,0.0,7,0.0,",7",13.0,",7",13.0,",7",28.0,"3,7",13.0,",7",0.0,",7",30.0,",7",10.0,",7",0.0,",7",0.0,",7",-13.9,",7,18,",1524.0,"3,,7,30,+",356.0,",,7,29,",34.5,",,7,29,",10.6,",7,22,",,,633.2,",7",135.4,",,,7",1246.0,",,,7",-2.1,",7",3.6,",,,7",-7.7,",,,7"
261,USC00427846,"SILVER LAKE BRIGHTON, UT US",40.6008,-111.5842,2664.0,2016-04,0.0,7,0.0,"2,7",5.0,"3,7",4.0,"3,7",27.0,"3,7",5.0,"2,7",0.0,"2,7",25.0,"2,7",2.0,"2,7",0.0,"2,7",0.0,"2,7",-11.7,"2,7,01,",1422.0,"3,,7,02,+",152.0,"2,,7,28,+",48.3,"3,,7,28,",15.6,"2,7,21,",,,470.2,"2,7",112.7,"1,a,,7",572.0,"2,,,7",1.5,"2,7",7.5,"2,,,7",-4.4,"2,,,7"
262,USC00427846,"SILVER LAKE BRIGHTON, UT US",40.6008,-111.5842,2664.0,2016-05,0.0,7,0.0,"2,7",7.0,"2,7",7.0,"2,7",15.0,"1,7",0.0,"1,7",0.0,"1,7",20.0,"1,7",0.0,"2,7",0.0,"2,7",0.0,"2,7",-6.1,"1,7,12,+",635.0,"1,,7,02,+",0.0,"1,T,7,21,+",22.6,"2,,7,14,",17.2,"2,7,15,+",,,391.8,"2,7",93.8,",a,,7",0.0,"1,T,,7",4.8,"2,7",10.8,"2,,,7",-1.2,"1,,,7"
263,USC00427846,"SILVER LAKE BRIGHTON, UT US",40.6008,-111.5842,2664.0,2016-06,0.9,7,0.9,"1,7",3.0,",7",3.0,",7",0.0,",7",0.0,",7",0.0,"1,7",0.0,"1,7",0.0,",7",17.0,",7",0.0,",7",0.6,"1,7,01,",0.0,",,7,30,+",0.0,",,7,30,+",16.3,",,7,30,",26.1,",7,21,",,,123.9,",7",36.4,",,,7",0.0,",,,7",14.0,"1,7",21.3,",,,7",6.8,"1,,,7"
264,USC00427846,"SILVER LAKE BRIGHTON, UT US",40.6008,-111.5842,2664.0,2016-07,2.6,7,1.7,"1,7",0.0,",7",0.0,",7",0.0,",7",0.0,",7",0.0,"1,7",1.0,"1,7",0.0,"1,7",25.0,"1,7",0.0,"1,7",-0.6,"1,7,11,",0.0,",,7,31,+",0.0,",,7,31,+",0.0,",,7,31,+",26.1,"1,7,26,",71.8,7,71.8,"1,7",0.0,",,,7",0.0,",,,7",16.0,"1,7",22.9,"1,,,7",9.1,"1,,,7"
265,USC00427846,"SILVER LAKE BRIGHTON, UT US",40.6008,-111.5842,2664.0,2016-08,3.2,7,0.6,",7",1.0,",7",1.0,",7",0.0,",7",0.0,",7",0.0,",7",0.0,",7",0.0,",7",18.0,",7",0.0,",7",3.3,",7,26,+",0.0,",,7,31,+",0.0,",,7,31,+",13.0,",,7,08,",26.1,",7,03,",197.1,7,125.3,",7",13.0,",,,7",0.0,",,,7",14.3,",7",21.2,",,,7",7.4,",,,7"
266,USC00427846,"SILVER LAKE BRIGHTON, UT US",40.6008,-111.5842,2664.0,2016-09,3.2,7,0.0,",7",6.0,",7",4.0,",7",2.0,",7",1.0,"1,7",0.0,",7",8.0,",7",0.0,",7",4.0,",7",0.0,",7",-2.2,",7,25,",127.0,",,7,24,",152.0,"1,,7,24,",23.1,",,7,23,",23.9,",7,02,+",442.6,7,245.5,",7",71.5,",,,7",160.0,"1,,,7",10.1,",7",16.8,",,,7",3.5,",,,7"
267,USC00427846,"SILVER LAKE BRIGHTON, UT US",40.6008,-111.5842,2664.0,2016-10,3.2,7,0.0,"1,7",7.0,"4,7",7.0,"4,7",5.0,"1,7",5.0,"1,7",0.0,"1,7",15.0,"1,7",1.0,",7",0.0,",7",0.0,",7",-8.3,"1,7,21,+",102.0,"1,,7,17,",102.0,"1,,7,17,",17.5,"4,,7,03,",14.4,",7,28,+",843.1,7,400.5,",7",91.0,",a,,7",310.0,"1,,,7",5.0,"1,7",10.5,",,,7",-0.5,"1,,,7"
268,USC00427846,"SILVER LAKE BRIGHTON, UT US",40.6008,-111.5842,2664.0,2016-11,3.2,7,0.0,"2,7",,,,,11.0,"5,7",6.0,"3,7",0.0,"2,7",27.0,"2,7",6.0,"2,7",0.0,"2,7",0.0,"2,7",-14.4,"2,7,18,",762.0,"5,,7,29,",254.0,"3,,7,28,",,,13.9,"2,7,17,",1347.8,7,504.7,"2,7",92.9,",a,,7",1208.0,"3,,,7",0.3,"2,7",6.0,"2,,,7",-5.4,"2,,,7"
269,USC00427846,"SILVER LAKE BRIGHTON, UT US",40.6008,-111.5842,2664.0,2016-12,3.2,7,0.0,"1,7",13.0,"2,7",9.0,"2,7",29.0,"2,7",13.0,"2,7",6.0,"1,7",30.0,"1,7",18.0,"1,7",0.0,"1,7",0.0,"1,7",-26.1,"1,7,18,",1422.0,"2,,7,25,",330.0,"2,,7,16,",35.6,"2,,7,16,",6.1,"1,7,16,",2131.3,7,783.5,"1,7",162.2,",a,,7",1779.0,"2,,,7",-7.8,"1,7",-2.5,"1,,,7",-13.0,"1,,,7"
270,USC00427846,"SILVER LAKE BRIGHTON, UT US",40.6008,-111.5842,2664.0,2017-01,0.0,7,0.0,",7",16.0,"2,7",14.0,"2,7",31.0,",7",18.0,",7",4.0,",7",31.0,",7",23.0,",7",0.0,",7",0.0,",7",-23.9,",7,07,+",2515.0,",,7,24,",356.0,",,7,03,",47.8,"2,,7,23,",3.3,",7,19,",2938.9,7,807.6,",7",286.5,"2,,,7",3100.0,",,,7",-7.7,",7",-3.1,",,,7",-12.3,",,,7"
271,USC00427846,"SILVER LAKE BRIGHTON, UT US",40.6008,-111.5842,2664.0,2017-02,0.0,7,0.0,"1,7",13.0,"4,7",12.0,"4,7",,,14.0,"2,7",4.0,"1,7",26.0,"1,7",6.0,"1,7",0.0,"1,7",0.0,"1,7",-22.2,"1,7,27,+",,,330.0,"2,,7,27,+",40.1,"4,,7,22,",9.4,"1,7,09,",3526.7,7,587.8,"1,7",238.7,",a,,7",2184.0,"2,,,7",-3.4,"1,7",1.4,"1,,,7",-8.3,"1,,,7"
272,USC00427846,"SILVER LAKE BRIGHTON, UT US",40.6008,-111.5842,2664.0,2017-03,0.0,7,0.0,"1,7",8.0,",7",8.0,",7",29.0,"2,7",7.0,",7",0.0,",7",29.0,",7",4.0,"1,7",0.0,"1,7",0.0,"1,7",-16.1,",7,06,",2591.0,"2,,7,01,",203.0,",,7,06,",27.9,",,7,22,",12.2,"1,7,19,+",4090.1,7,563.4,"1,7",105.2,",,,7",748.0,",,,7",-0.4,"1,7",5.2,"1,,,7",-6.0,",,,7"
273,USC00427846,"SILVER LAKE BRIGHTON, UT US",40.6008,-111.5842,2664.0,2017-04,0.0,7,0.0,"3,7",7.0,"5,",6.0,"5,",27.0,"3,7",6.0,"4,7",0.0,"3,7",26.0,"3,7",2.0,"3,7",0.0,"3,7",0.0,"3,7",-13.9,"3,7,10,",2083.0,"3,,7,09,",305.0,"4,,7,25,",31.2,"5,,,25,",12.8,"3,7,14,",4603.8,7,513.7,"3,7",134.4,"1,a,,",941.0,"4,,,7",-0.7,"3,7",5.1,"3,,,7",-6.5,"3,,,7"
274,USC00427846,"SILVER LAKE BRIGHTON, UT US",40.6008,-111.5842,2664.0,2017-05,0.0,7,0.0,"2,7",3.0,"3,7",3.0,"3,7",23.0,"3,7",2.0,"2,7",0.0,"2,7",17.0,"2,7",0.0,"2,7",0.0,"2,7",0.0,"2,7",-12.2,"2,7,18,",1727.0,"3,,7,01,",76.0,"2,,7,17,",18.3,"3,,7,17,",19.4,"2,7,31,",4985.7,7,381.9,"2,7",27.5,"1,a,,7",127.0,"2,,,7",5.2,"2,7",11.8,"2,,,7",-1.5,"2,,,7"
275,USC00427846,"SILVER LAKE BRIGHTON, UT US",40.6008,-111.5842,2664.0,2017-06,0.0,7,0.0,"2,7",1.0,",7",1.0,",7",1.0,",7",1.0,",7",0.0,"2,7",1.0,"2,7",0.0,"1,7",14.0,"1,7",0.0,"1,7",0.0,"2,7,13,",76.0,",,7,13,",76.0,",,7,13,",13.2,",,7,13,",26.1,"1,7,22,",5137.6,7,151.9,"1,7",13.2,",,,7",76.0,",,,7",13.0,"2,7",21.0,"1,,,7",5.0,"2,,,7"
276,USC00427846,"SILVER LAKE BRIGHTON, UT US",40.6008,-111.5842,2664.0,2017-07,5.0,7,5.0,",7",3.0,",7",3.0,",7",0.0,",7",0.0,",7",0.0,",7",0.0,",7",0.0,",7",28.0,",7",0.0,",7",4.4,",7,01,",0.0,",,7,31,+",0.0,",,7,31,+",15.7,",,7,26,",27.2,",7,06,",55.9,7,55.9,",7",28.9,",,,7",0.0,",,,7",16.7,",7",23.6,",,,7",9.8,",,,7"
277,USC00427846,"SILVER LAKE BRIGHTON, UT US",40.6008,-111.5842,2664.0,2017-08,5.0,7,0.0,"1,7",4.0,",7",4.0,",7",0.0,",7",0.0,",7",0.0,"1,7",0.0,"1,7",0.0,"1,7",22.0,"1,7",0.0,"1,7",2.8,"1,7,16,",0.0,",,7,31,+",0.0,",,7,31,+",18.8,",,7,23,",25.0,"1,7,30,+",163.3,7,107.4,"1,7",30.5,",,,7",0.0,",,,7",14.8,"1,7",21.9,"1,,,7",7.6,"1,,,7"
278,USC00427846,"SILVER LAKE BRIGHTON, UT US",40.6008,-111.5842,2664.0,2017-09,5.0,7,0.0,"2,7",7.0,",7",6.0,",7",4.0,"1,7",2.0,"1,7",0.0,"2,7",13.0,"2,7",0.0,"1,7",9.0,"1,7",0.0,"1,7",-6.1,"2,7,25,+",203.0,"1,,7,24,",203.0,"1,,7,24,",20.6,",,7,24,",25.0,"1,7,05,+",442.4,7,279.1,"1,7",89.3,",,,7",228.0,"1,,,7",8.3,"2,7",14.7,"1,,,7",1.9,"2,,,7"
279,USC00427846,"SILVER LAKE BRIGHTON, UT US",40.6008,-111.5842,2664.0,2017-10,5.0,7,0.0,"1,7",4.0,",7",4.0,",7",6.0,"1,7",5.0,",7",0.0,"1,7",29.0,"1,7",2.0,"1,7",0.0,"1,7",0.0,"1,7",-8.9,"1,7,03,+",76.0,"1,,7,21,",203.0,",,7,31,",18.3,",,7,31,",16.1,"1,7,18,",921.8,7,479.4,"1,7",36.7,",,,7",432.0,",,,7",2.4,"1,7",8.5,"1,,,7",-3.8,"1,,,7"
280,USC00427846,"SILVER LAKE BRIGHTON, UT US",40.6008,-111.5842,2664.0,2017-11,5.0,7,0.0,"2,7",4.0,",7",4.0,",7",,,4.0,"1,7",0.0,"2,7",26.0,"2,7",1.0,"2,7",0.0,"2,7",0.0,"2,7",-16.1,"2,7,18,",,,203.0,"1,,7,17,",43.2,",,7,17,",12.2,"2,7,27,+",1405.9,7,484.1,"2,7",81.5,",,,7",457.0,"1,,,7",1.0,"2,7",7.0,"2,,,7",-4.9,"2,,,7"
281,USC00427846,"SILVER LAKE BRIGHTON, UT US",40.6008,-111.5842,2664.0,2017-12,5.0,7,0.0,"2,7",6.0,"2,7",5.0,"2,7",29.0,"2,7",6.0,",7",2.0,"2,7",28.0,"2,7",5.0,"2,7",0.0,"2,7",0.0,"2,7",-22.2,"2,7,05,",686.0,"2,,7,26,+",203.0,",,7,23,",19.1,"2,,7,04,",10.0,"2,7,13,+",2028.3,7,622.4,"2,7",55.0,"2,,,7",839.0,",,,7",-3.1,"2,7",3.9,"2,,,7",-10.1,"2,,,7"
282,USC00427846,"SILVER LAKE BRIGHTON, UT US",40.6008,-111.5842,2664.0,2018-01,0.0,7,0.0,"4,7",5.0,"5,7",4.0,"5,7",29.0,"2,7",8.0,"2,7",1.0,"4,7",27.0,"4,7",10.0,"2,7",0.0,"2,7",0.0,"2,7",-18.9,"4,7,22,",940.0,"2,,7,27,+",279.0,"2,,7,19,",23.9,"5,,7,10,",8.9,"2,7,19,",2635.3,7,607.0,"2,7",70.9,"1,a,,7",785.0,"2,,,7",-3.9,"4,7",1.8,"2,,,7",-9.7,"4,,,7"
283,USC00427846,"SILVER LAKE BRIGHTON, UT US",40.6008,-111.5842,2664.0,2018-02,0.0,7,0.0,"1,7",10.0,",7",8.0,",7",27.0,"1,7",9.0,",7",8.0,"1,7",27.0,"1,7",17.0,"1,7",0.0,"1,7",0.0,"1,7",-23.9,"1,7,21,",1295.0,"1,,7,20,",406.0,",,7,20,",36.8,",,7,20,",5.6,"1,7,08,",3324.1,7,688.8,"1,7",86.7,",,,7",1106.0,",,,7",-7.2,"1,7",-2.1,"1,,,7",-12.3,"1,,,7"
284,USC00427846,"SILVER LAKE BRIGHTON, UT US",40.6008,-111.5842,2664.0,2018-03,0.0,7,0.0,"5,7",6.0,"4,7",5.0,"4,7",28.0,"3,7",7.0,"1,7",2.0,"4,7",26.0,"4,7",6.0,"1,7",0.0,"1,7",0.0,"1,7",-20.0,"4,7,27,",1524.0,"3,,7,18,",229.0,"1,,7,17,+",64.0,"4,,7,23,",7.8,"1,7,13,",3870.1,7,546.0,"1,7",154.4,"2,a,,7",917.0,"1,,,7",-3.0,"5,7",1.8,"1,,,7",-7.8,"4,,,7"
285,USC00427846,"SILVER LAKE BRIGHTON, UT US",40.6008,-111.5842,2664.0,2018-04,0.0,7,0.0,"1,7",7.0,",7",6.0,",7",30.0,",7",6.0,",7",0.0,"1,7",27.0,"1,7",3.0,",7",0.0,",7",0.0,",7",-15.6,"1,7,04,+",1270.0,",,7,13,",229.0,",,7,13,",35.3,",,7,09,",16.7,",7,29,+",4364.0,7,493.9,",7",92.5,",,,7",508.0,",,,7",1.3,"1,7",7.9,",,,7",-5.3,"1,,,7"
286,USC00427846,"SILVER LAKE BRIGHTON, UT US",40.6008,-111.5842,2664.0,2018-05,0.0,7,0.0,"2,7",4.0,",7",4.0,",7",7.0,",7",2.0,",7",0.0,"2,7",15.0,"2,7",0.0,"2,7",0.0,"2,7",0.0,"2,7",-8.3,"2,7,02,",559.0,",,7,01,",102.0,",,7,01,",29.7,",,7,29,",20.6,"2,7,26,",4690.4,7,326.4,"2,7",69.6,",,,7",127.0,",,,7",7.1,"2,7",14.4,"2,,,7",-0.3,"2,,,7"
287,USC00427846,"SILVER LAKE BRIGHTON, UT US",40.6008,-111.5842,2664.0,2018-06,1.1,7,1.1,"1,7",0.0,"1,7",0.0,"1,7",0.0,"1,7",0.0,"1,7",0.0,"1,7",4.0,"1,7",0.0,"1,7",18.0,"1,7",0.0,"1,7",-2.8,"1,7,03,",0.0,"1,,7,30,+",0.0,"1,,7,30,+",0.0,"1,,7,30,+",25.6,"1,7,28,",4846.2,7,155.8,"1,7",0.0,"1,,,7",0.0,"1,,,7",13.0,"1,7",20.8,"1,,,7",5.2,"1,,,7"
288,USC00427846,"SILVER LAKE BRIGHTON, UT US",40.6008,-111.5842,2664.0,2018-07,7.0,7,5.9,"3,7",2.0,"2,7",2.0,"2,7",0.0,",7",0.0,",7",0.0,"3,7",0.0,"3,7",0.0,"3,7",27.0,"3,7",0.0,"3,7",2.2,"3,7,01,",0.0,",,7,31,+",0.0,",,7,31,+",11.4,"2,,7,17,",26.7,"3,7,08,+",40.1,7,40.1,"3,7",19.0,",a,,7",0.0,",,,7",17.1,"3,7",24.3,"3,,,7",9.9,"3,,,7"
289,USC00427846,"SILVER LAKE BRIGHTON, UT US",40.6008,-111.5842,2664.0,2018-08,8.4,7,1.4,",7",5.0,",7",3.0,",7",0.0,",7",0.0,",7",0.0,",7",0.0,",7",0.0,",7",23.0,",7",0.0,",7",1.1,",7,28,",0.0,",,7,31,+",0.0,",,7,31,+",18.3,",,7,23,",26.7,",7,13,",143.1,7,103.0,",7",32.6,",,,7",0.0,",,,7",15.1,",7",22.4,",,,7",7.8,",,,7"
290,USC00427846,"SILVER LAKE BRIGHTON, UT US",40.6008,-111.5842,2664.0,2018-09,8.4,7,0.0,"3,7",0.0,",7",0.0,",7",0.0,",7",0.0,",7",0.0,"3,7",3.0,"3,7",0.0,"3,7",10.0,"3,7",0.0,"3,7",-3.3,"3,7,26,+",0.0,",,7,30,+",0.0,",,7,30,+",0.0,",,7,30,+",22.8,"3,7,11,",290.4,7,147.3,"3,7",0.0,",,,7",0.0,",,,7",12.9,"3,7",20.0,"3,,,7",5.8,"3,,,7"
291,USC00427846,"SILVER LAKE BRIGHTON, UT US",40.6008,-111.5842,2664.0,2018-10,8.4,7,0.0,"2,7",10.0,"2,7",8.0,"2,7",9.0,"3,7",5.0,",7",0.0,"2,7",23.0,"2,7",2.0,"2,7",0.0,"2,7",0.0,"2,7",-13.9,"2,7,15,",356.0,"3,,7,10,",305.0,",,7,10,",31.8,"2,,7,99,",17.2,"2,7,03,",754.0,7,463.6,"2,7",135.0,",a,,7",712.0,",,,7",2.4,"2,7",8.0,"2,,,7",-3.3,"2,,,7"
292,USC00427846,"SILVER LAKE BRIGHTON, UT US",40.6008,-111.5842,2664.0,2018-11,8.4,7,0.0,"2,7",12.0,",7",11.0,",7",28.0,"1,7",12.0,",7",0.0,"2,7",28.0,"2,7",13.0,"2,7",0.0,"2,7",0.0,"2,7",-16.7,"2,7,26,+",787.0,"1,,7,30,",305.0,",,7,24,",50.8,",,7,24,",8.9,"2,7,22,",1370.9,7,616.9,"2,7",127.6,",,,7",1142.0,",,,7",-3.7,"2,7",1.6,"2,,,7",-8.9,"2,,,7"
293,USC00427846,"SILVER LAKE BRIGHTON, UT US",40.6008,-111.5842,2664.0,2018-12,8.4,7,0.0,",7",15.0,",7",13.0,",7",31.0,",7",15.0,",7",7.0,",7",31.0,",7",20.0,",7",0.0,",7",0.0,",7",-22.2,",7,29,",965.0,",,7,31,",152.0,",,7,03,+",9.7,",,7,31,",8.3,",7,18,",2151.7,7,780.8,",7",69.8,",,,7",1168.0,",,,7",-6.9,",7",-1.4,",,,7",-12.3,",,,7"
294,USC00427846,"SILVER LAKE BRIGHTON, UT US",40.6008,-111.5842,2664.0,2019-01,0.0,,0.0,"1,7",10.0,",7",8.0,",7",31.0,",7",8.0,",7",4.0,"1,7",30.0,"1,7",16.0,"1,7",0.0,"1,7",0.0,"1,7",-25.0,"1,7,01,",1956.0,",,7,22,",406.0,",,7,21,+",43.7,",,7,18,",6.1,"1,7,05,",2878.6,,726.9,"1,7",142.8,",,,7",1699.0,",,,7",-5.9,"1,7",-0.6,"1,,,7",-11.2,"1,,,7"
295,USC00427846,"SILVER LAKE BRIGHTON, UT US",40.6008,-111.5842,2664.0,2019-02,0.0,,0.0,"2,7",,,,,26.0,"2,7",14.0,"3,7",10.0,"2,7",26.0,"2,7",18.0,"2,7",0.0,"2,7",0.0,"2,7",-21.7,"2,7,23,+",2337.0,"2,,7,16,",356.0,"3,,7,07,",,,3.9,"2,7,02,",3564.2,,685.6,"2,7",202.5,",a,,7",2156.0,"3,,,7",-8.0,"2,7",-3.4,"2,,,7",-12.7,"2,,,7"
296,USC00427846,"SILVER LAKE BRIGHTON, UT US",40.6008,-111.5842,2664.0,2019-03,0.0,,0.0,"4,7",,,,,29.0,"2,7",,,0.0,"4,7",27.0,"4,7",7.0,"3,7",0.0,"3,7",0.0,"3,7",-16.7,"4,7,16,",2642.0,"2,,7,10,",,,,,8.3,"3,7,28,",4137.2,,573.0,"3,7",,,,,-3.0,"4,7",1.6,"3,,,7",-7.5,"4,,,7"
297,USS0011J65S,"MILL D NORTH, UT US",40.66,-111.64,2733.1,2010-12,13.4,T,0.0,",T",13.0,",T",13.0,",T",31.0,",",,,2.0,",T",28.0,",T",7.0,",T",0.0,",T",0.0,",T",-22.1,",T,31,",1549.0,",,T,29,",,,55.9,",,T,29,",9.6,",T,25,",1899.3,T,628.0,",T",203.0,",,,T",,,-1.9,",T",1.7,",,,T",-5.5,",,,T"
298,USS0011J65S,"MILL D NORTH, UT US",40.66,-111.64,2733.1,2011-01,0.0,T,0.0,",T",8.0,",T",8.0,",T",31.0,",",,,1.0,",T",30.0,",T",14.0,",T",0.0,",T",0.0,",T",-21.8,",T,01,",1499.0,",,T,22,",,,27.9,",,T,19,",9.0,",T,07,",2587.4,T,688.1,",T",83.7,",,,T",,,-3.9,",T",0.5,",,,T",-8.2,",,,T"
299,USS0011J65S,"MILL D NORTH, UT US",40.66,-111.64,2733.1,2011-02,0.0,T,0.0,",T",9.0,",T",9.0,",T",28.0,",",,,2.0,",T",27.0,",T",16.0,",T",0.0,",T",0.0,",T",-25.7,",T,01,",2134.0,",,T,26,",,,38.1,",,T,19,",8.3,",T,15,",3243.5,T,656.1,",T",139.6,",,,T",,,-5.1,",T",-0.8,",,,T",-9.4,",,,T"
300,USS0011J65S,"MILL D NORTH, UT US",40.66,-111.64,2733.1,2011-03,0.0,T,0.0,",T",14.0,",T",14.0,",T",31.0,",",,,0.0,",T",30.0,",T",7.0,",T",0.0,",T",0.0,",T",-9.8,",T,29,+",2286.0,",,T,28,",,,30.5,",,T,16,",7.9,",T,10,",3856.9,T,613.4,",T",170.1,",,,T",,,-1.4,",T",2.4,",,,T",-5.3,",,,T"
301,USS0011J65S,"MILL D NORTH, UT US",40.66,-111.64,2733.1,2011-04,0.0,T,0.0,",T",20.0,",T",20.0,",T",30.0,",",,,0.0,",T",27.0,",T",5.0,",T",0.0,",T",0.0,",T",-10.9,",T,04,",2464.0,",,T,30,+",,,30.5,",,T,13,+",10.6,",T,01,",4420.7,T,563.8,",T",297.0,",,,T",,,-0.5,",T",3.8,",,,T",-4.7,",,,T"
302,USS0011J65S,"MILL D NORTH, UT US",40.66,-111.64,2733.1,2011-05,0.0,T,0.0,",T",17.0,",T",17.0,",T",31.0,",",,,0.0,",T",22.0,",T",0.0,",T",0.0,",T",0.0,",T",-7.1,",T,01,",2413.0,",,T,03,",,,33.0,",,T,20,",16.9,",T,13,",4869.0,T,448.3,",T",180.1,",,,T",,,3.9,",T",8.1,",,,T",-0.4,",,,T"
303,USS0011J65S,"MILL D NORTH, UT US",40.66,-111.64,2733.1,2011-06,0.2,T,0.2,",T",5.0,",T",5.0,",T",23.0,",",,,0.0,",T",2.0,",T",0.0,",T",2.0,",T",0.0,",T",-2.3,",T,03,",1829.0,",,T,01,",,,40.6,",,T,19,",22.6,",T,28,",5100.5,T,231.5,",T",58.3,",,,T",,,10.6,",T",15.0,",,,T",6.3,",,,T"
304,USS0011J65S,"MILL D NORTH, UT US",40.66,-111.64,2733.1,2011-07,5.1,T,4.9,",T",5.0,",T",5.0,",T",0.0,",",,,0.0,",T",0.0,",T",0.0,",T",15.0,",T",0.0,",T",8.4,",T,10,",0.0,",,T,31,+",,,10.2,",,T,05,",25.1,",T,03,",61.1,T,61.1,",T",30.5,",,,T",,,16.5,",T",20.9,",,,T",12.1,",,,T"
305,USS0011J65S,"MILL D NORTH, UT US",40.66,-111.64,2733.1,2011-08,15.0,T,9.9,",T",7.0,",T",7.0,",T",0.0,",",,,0.0,",T",0.0,",T",0.0,",T",23.0,",T",0.0,",T",8.8,",T,15,+",0.0,",,T,31,+",,,5.1,",,T,28,+",25.3,",T,26,",101.7,T,40.6,",T",25.3,",,,T",,,17.3,",T",21.9,",,,T",12.8,",,,T"
306,USS0011J65S,"MILL D NORTH, UT US",40.66,-111.64,2733.1,2011-09,15.0,T,0.0,",T",6.0,",T",6.0,",T",0.0,",",,,0.0,",T",0.0,",T",0.0,",T",3.0,",T",0.0,",T",4.1,",T,17,",0.0,",,T,30,+",,,7.6,",,T,15,",23.2,",T,30,",249.5,T,147.8,",T",22.7,",,,T",,,13.4,",T",17.9,",,,T",8.9,",,,T"
307,USS0011J65S,"MILL D NORTH, UT US",40.66,-111.64,2733.1,2011-10,15.0,T,0.0,",T",13.0,",T",13.0,",T",3.0,",",,,0.0,",T",9.0,",T",2.0,",T",0.0,",T",0.0,",T",-5.8,",T,27,",51.0,",,T,07,",,,17.8,",,T,05,",19.1,",T,01,",635.4,T,385.9,",T",78.5,",,,T",,,5.9,",T",9.8,",,,T",1.9,",,,T"
308,USS0011J65S,"MILL D NORTH, UT US",40.66,-111.64,2733.1,2011-11,15.0,T,0.0,",T",14.0,",T",14.0,",T",26.0,",",,,0.0,",T",28.0,",T",7.0,",T",0.0,",T",0.0,",T",-11.0,",T,05,",508.0,",,T,22,",,,17.8,",,T,12,",9.4,",T,23,",1215.2,T,579.8,",T",88.6,",,,T",,,-1.0,",T",3.0,",,,T",-5.0,",,,T"
309,USS0011J65S,"MILL D NORTH, UT US",40.66,-111.64,2733.1,2011-12,15.0,T,0.0,",T",5.0,",T",5.0,",T",31.0,",",,,0.0,",T",31.0,",T",9.0,",T",0.0,",T",0.0,",T",-16.3,",T,05,",533.0,",,T,31,+",,,5.1,",,T,29,+",9.6,",T,17,",1866.0,T,650.8,",T",22.9,",,,T",,,-2.7,",T",1.8,",,,T",-7.1,",,,T"
310,USS0011J65S,"MILL D NORTH, UT US",40.66,-111.64,2733.1,2012-01,0.0,T,0.0,",T",7.0,",T",7.0,",T",31.0,",",,,1.0,",T",27.0,",T",11.0,",T",0.0,",T",0.0,",T",-17.8,",T,17,",1092.0,",,T,27,+",,,43.2,",,T,21,",12.3,",T,02,",2501.4,T,635.4,",T",109.2,",,,T",,,-2.2,",T",2.2,",,,T",-6.5,",,,T"
311,USS0011J65S,"MILL D NORTH, UT US",40.66,-111.64,2733.1,2012-02,0.0,T,0.0,",T",14.0,",T",14.0,",T",29.0,",",,,0.0,",T",29.0,",T",13.0,",T",0.0,",T",0.0,",T",-13.8,",T,26,",1549.0,",,T,29,",,,20.3,",,T,22,",4.8,",T,11,",3150.3,T,648.9,",T",109.1,",,,T",,,-4.0,",T",0.0,",,,T",-8.1,",,,T"
312,USS0011J65S,"MILL D NORTH, UT US",40.66,-111.64,2733.1,2012-03,0.0,T,0.0,",T",8.0,",T",8.0,",T",31.0,",",,,0.0,",T",16.0,",T",6.0,",T",0.0,",T",0.0,",T",-12.5,",T,02,",1600.0,",,T,02,+",,,25.4,",,T,18,",15.1,",T,22,",3663.4,T,513.1,",T",83.7,",,,T",,,1.8,",T",5.9,",,,T",-2.4,",,,T"
313,USS0011J65S,"MILL D NORTH, UT US",40.66,-111.64,2733.1,2012-04,0.0,T,0.0,",T",21.0,",T",21.0,",T",30.0,",",,,0.0,",T",17.0,",T",2.0,",T",0.0,",T",0.0,",T",-10.4,",T,02,",1041.0,",,T,18,+",,,15.2,",,T,06,",19.0,",T,23,",4097.9,T,434.5,",T",103.9,",,,T",,,3.9,",T",8.3,",,,T",-0.6,",,,T"
314,USS0011J65S,"MILL D NORTH, UT US",40.66,-111.64,2733.1,2012-05,,,,,9.0,",T",9.0,",T",1.0,",",,,,,,,,,,,,,,,76.0,",,T,01,",,,15.2,",,T,26,",,,,,,,53.2,",,,T",,,,,,,,
315,USS0011J65S,"MILL D NORTH, UT US",40.66,-111.64,2733.1,2012-06,,,,,2.0,",T",2.0,",T",0.0,",",,,,,,,,,,,,,,,0.0,",,T,30,+",,,15.2,",,T,01,",,,,,,,17.7,",,,T",,,,,,,,
316,USS0011J65S,"MILL D NORTH, UT US",40.66,-111.64,2733.1,2012-07,,,,,7.0,",T",7.0,",T",0.0,",",,,,,,,,,,,,,,,0.0,",,T,31,+",,,5.1,",,T,08,",,,,,,,20.1,",,,T",,,,,,,,
317,USS0011J65S,"MILL D NORTH, UT US",40.66,-111.64,2733.1,2012-08,,,15.4,",T",6.0,",T",6.0,",T",0.0,",",,,0.0,",T",0.0,",T",0.0,",T",29.0,",T",0.0,",T",8.9,",T,31,",0.0,",,T,31,+",,,5.1,",,T,01,",27.7,",T,08,",,,20.4,",T",17.6,",,,T",,,18.2,",T",23.1,",,,T",13.3,",,,T"
318,USS0011J65S,"MILL D NORTH, UT US",40.66,-111.64,2733.1,2012-09,,,0.0,",T",11.0,",T",11.0,",T",0.0,",",,,0.0,",T",0.0,",T",0.0,",T",1.0,",T",0.0,",T",1.6,",T,25,",0.0,",,T,30,+",,,10.2,",,T,01,",21.1,",T,09,",,,152.3,",T",45.5,",,,T",,,13.3,",T",17.6,",,,T",8.9,",,,T"
319,USS0011J65S,"MILL D NORTH, UT US",40.66,-111.64,2733.1,2012-10,,,0.0,",T",9.0,",T",9.0,",T",11.0,",",,,0.0,",T",9.0,",T",2.0,",T",0.0,",T",0.0,",T",-10.0,",T,26,",330.0,",,T,25,",,,25.4,",,T,25,",17.7,",T,11,",,,385.3,",T",55.7,",,,T",,,5.9,",T",9.6,",,,T",2.2,",,,T"
320,USS0011J65S,"MILL D NORTH, UT US",40.66,-111.64,2733.1,2012-11,,,0.0,",T",7.0,",T",7.0,",T",27.0,",",,,0.0,",T",14.0,",T",2.0,",T",0.0,",T",0.0,",T",-13.3,",T,11,",660.0,",,T,11,",,,43.2,",,T,09,",13.0,",T,07,",,,472.6,",T",93.9,",,,T",,,2.6,",T",6.1,",,,T",-1.0,",,,T"
321,USS0011J65S,"MILL D NORTH, UT US",40.66,-111.64,2733.1,2012-12,,,0.0,",T",17.0,",T",17.0,",T",31.0,",",,,0.0,",T",29.0,",T",18.0,",T",0.0,",T",0.0,",T",-17.2,",T,19,",1168.0,",,T,27,+",,,17.8,",,T,26,",8.3,",T,02,",,,704.4,",T",131.9,",,,T",,,-4.4,",T",-0.5,",,,T",-8.3,",,,T"
322,USS0011J65S,"MILL D NORTH, UT US",40.66,-111.64,2733.1,2013-01,0.0,T,0.0,",T",8.0,",T",8.0,",T",31.0,",",,,4.0,",T",29.0,",T",13.0,",T",0.0,",T",0.0,",T",-24.3,",T,14,",1270.0,",,T,30,",,,20.3,",,T,27,+",10.8,",T,22,",,,683.8,",T",91.5,",,,T",,,-3.7,",T",0.8,",,,T",-8.2,",,,T"
323,USS0011J65S,"MILL D NORTH, UT US",40.66,-111.64,2733.1,2013-02,0.0,T,0.0,",T",7.0,",T",7.0,",T",28.0,",",,,0.0,",T",28.0,",T",17.0,",T",0.0,",T",0.0,",T",-14.5,",T,27,",1397.0,",,T,23,",,,17.8,",,T,23,",6.7,",T,02,",,,646.6,",T",43.1,",,,T",,,-4.8,",T",-0.1,",,,T",-9.4,",,,T"
324,USS0011J65S,"MILL D NORTH, UT US",40.66,-111.64,2733.1,2013-03,0.0,T,0.0,",T",12.0,",T",12.0,",T",31.0,",",,,0.0,",T",23.0,",T",4.0,",T",0.0,",T",0.0,",T",-14.6,",T,23,",1499.0,",,T,22,",,,12.7,",,T,22,+",12.5,",T,14,",,,564.4,",T",81.1,",,,T",,,0.1,",T",4.3,",,,T",-4.1,",,,T"
325,USS0011J65S,"MILL D NORTH, UT US",40.66,-111.64,2733.1,2013-04,0.0,T,0.0,",T",16.0,",T",16.0,",T",30.0,",",,,0.0,",T",24.0,",T",3.0,",T",0.0,",T",0.0,",T",-12.1,",T,09,",1448.0,",,T,20,",,,25.4,",,T,08,",11.8,",T,28,",,,534.6,",T",134.5,",,,T",,,0.5,",T",4.8,",,,T",-3.8,",,,T"
326,USS0011J65S,"MILL D NORTH, UT US",40.66,-111.64,2733.1,2013-05,0.0,T,0.0,",T",13.0,",T",13.0,",T",21.0,",",,,0.0,",T",4.0,",T",0.0,",T",0.0,",T",0.0,",T",-7.9,",T,01,",1041.0,",,T,01,",,,17.8,",,T,30,",20.3,",T,13,",,,339.5,",T",76.0,",,,T",,,7.4,",T",12.0,",,,T",2.7,",,,T"
327,USS0011J65S,"MILL D NORTH, UT US",40.66,-111.64,2733.1,2013-06,10.6,T,10.6,",T",0.0,",T",0.0,",T",0.0,",",,,0.0,",T",0.0,",T",0.0,",T",8.0,",T",0.0,",T",3.3,",T,20,",0.0,",,T,30,+",,,0.0,",,T,30,+",26.4,",T,28,",,,128.8,",T",0.0,",,,T",,,14.4,",T",19.0,",,,T",9.8,",,,T"
328,USS0011J65S,"MILL D NORTH, UT US",40.66,-111.64,2733.1,2013-07,32.7,T,22.1,",T",9.0,",T",9.0,",T",0.0,",",,,0.0,",T",0.0,",T",0.0,",T",22.0,",T",0.0,",T",8.6,",T,28,",0.0,",,T,31,+",,,35.6,",,T,05,",25.9,",T,01,",40.6,T,40.6,",T",71.1,",,,T",,,17.7,",T",22.2,",,,T",13.2,",,,T"
329,USS0011J65S,"MILL D NORTH, UT US",40.66,-111.64,2733.1,2013-08,38.2,T,5.5,",T",9.0,",T",9.0,",T",0.0,",",,,0.0,",T",0.0,",T",0.0,",T",21.0,",T",0.0,",T",8.1,",T,08,",0.0,",,T,31,+",,,7.6,",,T,28,+",24.8,",T,15,",90.4,T,49.8,",T",37.9,",,,T",,,16.9,",T",21.4,",,,T",12.4,",,,T"
330,USS0011J65S,"MILL D NORTH, UT US",40.66,-111.64,2733.1,2013-09,38.2,T,0.0,",T",13.0,",T",13.0,",T",4.0,",",,,0.0,",T",4.0,",T",0.0,",T",4.0,",T",0.0,",T",-3.0,",T,27,",51.0,",,T,27,",,,10.2,",,T,29,+",23.2,",T,05,",306.8,T,216.4,",T",76.1,",,,T",,,11.1,",T",15.3,",,,T",6.9,",,,T"
331,USS0011J65S,"MILL D NORTH, UT US",40.66,-111.64,2733.1,2013-10,38.2,T,0.0,",T",11.0,",T",11.0,",T",7.0,",",,,0.0,",T",15.0,",T",1.0,",T",0.0,",T",0.0,",T",-5.5,",T,04,",178.0,",,T,03,",,,17.8,",,T,03,",15.9,",T,07,",746.3,T,439.5,",T",60.8,",,,T",,,4.2,",T",8.0,",,,T",0.3,",,,T"
332,USS0011J65S,"MILL D NORTH, UT US",40.66,-111.64,2733.1,2013-11,38.2,T,0.0,",T",12.0,",T",12.0,",T",29.0,",",,,0.0,",T",21.0,",T",4.0,",T",0.0,",T",0.0,",T",-9.6,",T,04,",229.0,",,T,22,",,,12.7,",,T,05,",13.4,",T,12,",1245.3,T,499.0,",T",50.5,",,,T",,,1.7,",T",5.3,",,,T",-1.9,",,,T"
333,USS0011J65S,"MILL D NORTH, UT US",40.66,-111.64,2733.1,2013-12,38.2,T,0.0,",T",13.0,",T",13.0,",T",31.0,",",,,5.0,",T",29.0,",T",15.0,",T",0.0,",T",0.0,",T",-22.7,",T,09,",635.0,",,T,24,",,,17.8,",,T,03,",10.8,",T,27,",1958.3,T,713.0,",T",88.6,",,,T",,,-4.7,",T",-0.6,",,,T",-8.8,",,,T"
334,USS0011J65S,"MILL D NORTH, UT US",40.66,-111.64,2733.1,2014-01,0.0,T,0.0,",T",11.0,",T",11.0,",T",31.0,",",,,0.0,",T",31.0,",T",10.0,",T",0.0,",T",0.0,",T",-14.8,",T,05,",991.0,",,T,30,",,,20.3,",,T,29,",7.9,",T,18,",2590.1,T,631.8,",T",81.2,",,,T",,,-2.1,",T",2.0,",,,T",-6.1,",,,T"
335,USS0011J65S,"MILL D NORTH, UT US",40.66,-111.64,2733.1,2014-02,0.0,T,0.0,",T",16.0,",T",16.0,",T",28.0,",",,,0.0,",T",25.0,",T",12.0,",T",0.0,",T",0.0,",T",-16.7,",T,04,",1524.0,",,T,28,+",,,43.2,",,T,08,",7.2,",T,26,",3180.1,T,590.0,",T",180.5,",,,T",,,-2.7,",T",0.6,",,,T",-6.1,",,,T"
336,USS0011J65S,"MILL D NORTH, UT US",40.66,-111.64,2733.1,2014-03,0.0,T,0.0,",T",18.0,",T",18.0,",T",31.0,",",,,0.0,",T",28.0,",T",2.0,",T",0.0,",T",0.0,",T",-10.2,",T,18,",1676.0,",,T,31,",,,17.8,",,T,30,",10.8,",T,25,",3745.6,T,565.5,",T",121.7,",,,T",,,0.1,",T",4.4,",,,T",-4.2,",,,T"
337,USS0011J65S,"MILL D NORTH, UT US",40.66,-111.64,2733.1,2014-04,0.0,T,0.0,",T",16.0,",T",16.0,",T",30.0,",",,,0.0,",T",21.0,",T",2.0,",T",0.0,",T",0.0,",T",-8.1,",T,03,",1702.0,",,T,01,",,,17.8,",,T,28,+",13.9,",T,21,",4233.3,T,487.7,",T",98.9,",,,T",,,2.1,",T",6.2,",,,T",-2.1,",,,T"
338,USS0011J65S,"MILL D NORTH, UT US",40.66,-111.64,2733.1,2014-05,0.0,T,0.0,",T",12.0,",T",12.0,",T",21.0,",",,,0.0,",T",8.0,",T",1.0,",T",1.0,",T",0.0,",T",-6.3,",T,12,",864.0,",,T,01,",,,17.8,",,T,11,",21.4,",T,28,",4547.7,T,314.4,",T",76.1,",,,T",,,8.2,",T",12.4,",,,T",4.0,",,,T"
339,USS0011J65S,"MILL D NORTH, UT US",40.66,-111.64,2733.1,2014-06,0.0,T,0.0,",T",4.0,",T",4.0,",T",2.0,",",,,0.0,",T",2.0,",T",0.0,",T",2.0,",T",0.0,",T",-2.2,",T,18,",229.0,",,T,17,",,,38.1,",,T,17,",21.7,",T,25,",4737.7,T,190.0,",T",55.9,",,,T",,,12.0,",T",16.2,",,,T",7.8,",,,T"
340,USS0011J65S,"MILL D NORTH, UT US",40.66,-111.64,2733.1,2014-07,20.2,T,20.2,",T",5.0,",T",5.0,",T",0.0,",",,,0.0,",T",0.0,",T",0.0,",T",23.0,",T",0.0,",T",8.0,",T,01,",0.0,",,T,31,+",,,10.2,",,T,29,",25.9,",T,23,",40.4,T,40.4,",T",25.3,",,,T",,,17.7,",T",22.1,",,,T",13.3,",,,T"
341,USS0011J65S,"MILL D NORTH, UT US",40.66,-111.64,2733.1,2014-08,20.8,T,0.6,",T",14.0,",T",14.0,",T",0.0,",",,,0.0,",T",0.0,",T",0.0,",T",5.0,",T",0.0,",T",1.7,",T,23,",0.0,",,T,31,+",,,20.3,",,T,23,+",23.3,",T,18,",180.5,T,140.1,",T",114.3,",,,T",,,13.8,",T",18.2,",,,T",9.5,",,,T"
342,USS0011J65S,"MILL D NORTH, UT US",40.66,-111.64,2733.1,2014-09,20.8,T,0.0,",T",11.0,",T",11.0,",T",0.0,",",,,0.0,",T",0.0,",T",0.0,",T",6.0,",T",0.0,",T",0.8,",T,30,",0.0,",,T,30,+",,,22.9,",,T,27,",22.3,",T,25,",343.4,T,162.9,",T",71.1,",,,T",,,12.9,",T",17.2,",,,T",8.6,",,,T"
343,USS0011J65S,"MILL D NORTH, UT US",40.66,-111.64,2733.1,2014-10,20.8,T,0.0,",T",6.0,",T",6.0,",T",0.0,",",,,0.0,",T",7.0,",T",0.0,",T",0.0,",T",0.0,",T",-4.1,",T,27,",0.0,",,T,31,+",,,10.2,",,T,02,",16.6,",T,08,",658.2,T,314.8,",T",27.9,",,,T",,,8.2,",T",12.2,",,,T",4.1,",,,T"
344,USS0011J65S,"MILL D NORTH, UT US",40.66,-111.64,2733.1,2014-11,20.8,T,0.0,",T",13.0,",T",13.0,",T",21.0,",",,,0.0,",T",23.0,",T",9.0,",T",0.0,",T",0.0,",T",-17.2,",T,16,",584.0,",,T,24,",,,22.9,",,T,22,",13.5,",T,06,",1209.4,T,551.2,",T",101.5,",,,T",,,0.0,",T",3.6,",,,T",-3.7,",,,T"
345,USS0011J65S,"MILL D NORTH, UT US",40.66,-111.64,2733.1,2014-12,20.8,T,0.0,",T",15.0,",T",15.0,",T",31.0,",",,,2.0,",T",26.0,",T",13.0,",T",0.0,",T",0.0,",T",-22.6,",T,30,",1118.0,",,T,29,",,,27.9,",,T,21,",12.2,",T,10,",1851.4,T,642.0,",T",109.0,",,,T",,,-2.4,",T",1.2,",,,T",-5.9,",,,T"
346,USS0011J65S,"MILL D NORTH, UT US",40.66,-111.64,2733.1,2015-01,0.0,T,0.0,",T",13.0,",T",13.0,",T",31.0,",",,,0.0,",T",25.0,",T",3.0,",T",0.0,",T",0.0,",T",-11.3,",T,21,",1168.0,",,T,12,",,,15.2,",,T,12,",14.4,",T,26,",2408.8,T,557.4,",T",55.4,",,,T",,,0.4,",T",4.3,",,,T",-3.6,",,,T"
347,USS0011J65S,"MILL D NORTH, UT US",40.66,-111.64,2733.1,2015-02,0.0,T,0.0,",T",10.0,",T",10.0,",T",28.0,",",,,0.0,",T",20.0,",T",5.0,",T",0.0,",T",0.0,",T",-13.6,",T,22,",1016.0,",,T,10,+",,,10.2,",,T,09,",13.8,",T,13,",2914.1,T,505.3,",T",50.7,",,,T",,,0.3,",T",4.3,",,,T",-3.7,",,,T"
348,USS0011J65S,"MILL D NORTH, UT US",40.66,-111.64,2733.1,2015-03,0.0,T,0.0,",T",9.0,",T",9.0,",T",31.0,",",,,0.0,",T",19.0,",T",2.0,",T",0.0,",T",0.0,",T",-11.1,",T,04,+",1219.0,",,T,04,",,,10.2,",,T,03,",15.3,",T,15,",3382.4,T,468.3,",T",48.2,",,,T",,,3.2,",T",7.6,",,,T",-1.1,",,,T"
349,USS0011J65S,"MILL D NORTH, UT US",40.66,-111.64,2733.1,2015-04,0.0,T,0.0,",T",13.0,",T",13.0,",T",21.0,",",,,0.0,",T",18.0,",T",2.0,",T",0.0,",T",0.0,",T",-9.4,",T,15,",559.0,",,T,16,",,,25.4,",,T,15,",15.5,",T,29,",3844.2,T,461.8,",T",96.5,",,,T",,,2.9,",T",7.3,",,,T",-1.4,",,,T"
350,USS0011J65S,"MILL D NORTH, UT US",40.66,-111.64,2733.1,2015-05,0.0,T,0.0,",T",17.0,",T",17.0,",T",5.0,",",,,0.0,",T",4.0,",T",0.0,",T",0.0,",T",0.0,",T",-2.2,",T,10,",102.0,",,T,17,",,,20.3,",,T,17,",21.0,",T,31,",4209.0,T,364.8,",T",119.3,",,,T",,,6.6,",T",10.4,",,,T",2.7,",,,T"
351,USS0011J65S,"MILL D NORTH, UT US",40.66,-111.64,2733.1,2015-06,12.0,T,12.0,",T",4.0,",T",4.0,",T",0.0,",",,,0.0,",T",0.0,",T",0.0,",T",14.0,",T",0.0,",T",3.9,",T,06,",0.0,",,T,30,+",,,12.7,",,T,07,",26.0,",T,29,",4294.1,T,85.1,",T",30.5,",,,T",,,15.9,",T",20.3,",,,T",11.5,",,,T"
352,USS0011J65S,"MILL D NORTH, UT US",40.66,-111.64,2733.1,2015-07,15.1,T,3.1,",T",8.0,",T",8.0,",T",0.0,",",,,0.0,",T",0.0,",T",0.0,",T",7.0,",T",0.0,",T",5.2,",T,28,",0.0,",,T,31,+",,,10.2,",,T,09,",24.0,",T,03,",107.3,T,107.3,",T",32.9,",,,T",,,15.0,",T",19.6,",,,T",10.3,",,,T"
353,USS0011J65S,"MILL D NORTH, UT US",40.66,-111.64,2733.1,2015-08,22.4,T,7.3,",T",11.0,",T",11.0,",T",0.0,",",,,0.0,",T",0.0,",T",0.0,",T",13.0,",T",0.0,",T",7.4,",T,07,",0.0,",,T,31,+",,,20.3,",,T,03,",26.4,",T,25,",185.4,T,78.1,",T",65.7,",,,T",,,16.1,",T",20.6,",,,T",11.5,",,,T"
354,USS0011J65S,"MILL D NORTH, UT US",40.66,-111.64,2733.1,2015-09,22.4,T,0.0,",T",4.0,",T",4.0,",T",0.0,",",,,0.0,",T",0.0,",T",0.0,",T",8.0,",T",0.0,",T",1.2,",T,16,",0.0,",,T,30,+",,,40.6,",,T,16,",22.8,",T,12,",314.2,T,128.8,",T",73.6,",,,T",,,14.0,",T",18.3,",,,T",9.8,",,,T"
355,USS0011J65S,"MILL D NORTH, UT US",40.66,-111.64,2733.1,2015-10,22.4,T,0.0,",T",9.0,",T",9.0,",T",0.0,",",,,0.0,",T",3.0,",T",0.0,",T",0.0,",T",0.0,",T",-3.2,",T,30,",0.0,",,T,31,+",,,12.7,",,T,02,",20.3,",T,01,",617.8,T,303.6,",T",43.0,",,,T",,,8.5,",T",12.4,",,,T",4.7,",,,T"
356,USS0011J65S,"MILL D NORTH, UT US",40.66,-111.64,2733.1,2015-11,22.4,T,0.0,",T",15.0,",T",15.0,",T",28.0,",",,,0.0,",T",26.0,",T",13.0,",T",0.0,",T",0.0,",T",-13.9,",T,29,",381.0,",,T,30,+",,,12.7,",,T,16,",12.2,",T,02,",1219.3,T,601.5,",T",68.4,",,,T",,,-1.7,",T",2.3,",,,T",-5.7,",,,T"
357,USS0011J65S,"MILL D NORTH, UT US",40.66,-111.64,2733.1,2015-12,22.4,T,0.0,",T",19.0,",T",19.0,",T",31.0,",",,,0.0,",T",28.0,",T",16.0,",T",0.0,",T",0.0,",T",-16.8,",T,26,",1219.0,",,T,25,+",,,33.0,",,T,22,",9.7,",T,03,",1923.0,T,703.7,",T",147.1,",,,T",,,-4.4,",T",-0.2,",,,T",-8.6,",,,T"
358,USS0011J65S,"MILL D NORTH, UT US",40.66,-111.64,2733.1,2016-01,0.0,T,0.0,",T",19.0,",T",19.0,",T",31.0,",",,,0.0,",T",31.0,",T",11.0,",T",0.0,",T",0.0,",T",-12.7,",T,10,",1549.0,",,T,31,",,,17.8,",,T,30,",8.1,",T,27,",2585.9,T,662.9,",T",142.1,",,,T",,,-3.1,",T",1.1,",,,T",-7.2,",,,T"
359,USS0011J65S,"MILL D NORTH, UT US",40.66,-111.64,2733.1,2016-02,0.0,T,0.0,",T",10.0,",T",10.0,",T",29.0,",",,,0.0,",T",25.0,",T",6.0,",T",0.0,",T",0.0,",T",-16.2,",T,02,",1600.0,",,T,01,",,,15.2,",,T,14,",14.9,",T,09,",3125.9,T,540.0,",T",53.1,",,,T",,,-0.3,",T",3.8,",,,T",-4.3,",,,T"
360,USS0011J65S,"MILL D NORTH, UT US",40.66,-111.64,2733.1,2016-03,0.0,T,0.0,",T",20.0,",T",20.0,",T",31.0,",",,,0.0,",T",23.0,",T",5.0,",T",0.0,",T",0.0,",T",-8.9,",T,15,",1549.0,",,T,29,",,,15.2,",,T,22,",10.9,",T,04,",3679.4,T,553.5,",T",116.6,",,,T",,,0.5,",T",4.4,",,,T",-3.4,",,,T"
361,USS0011J65S,"MILL D NORTH, UT US",40.66,-111.64,2733.1,2016-04,0.0,T,0.0,",T",17.0,",T",17.0,",T",30.0,",",,,0.0,",T",18.0,",T",0.0,",T",0.0,",T",0.0,",T",-6.3,",T,15,",1422.0,",,T,01,",,,35.6,",,T,26,",15.3,",T,21,",4113.6,T,434.2,",T",121.9,",,,T",,,3.9,",T",8.0,",,,T",-0.3,",,,T"
362,USS0011J65S,"MILL D NORTH, UT US",40.66,-111.64,2733.1,2016-05,0.0,T,0.0,",T",21.0,",T",21.0,",T",18.0,",",,,0.0,",T",5.0,",T",0.0,",T",0.0,",T",0.0,",T",-3.7,",T,10,+",889.0,",,T,01,",,,10.2,",,T,09,+",17.8,",T,14,",4479.5,T,365.9,",T",96.3,",,,T",,,6.5,",T",10.7,",,,T",2.3,",,,T"
363,USS0011J65S,"MILL D NORTH, UT US",40.66,-111.64,2733.1,2016-06,9.1,T,9.1,",T",5.0,",T",5.0,",T",0.0,",",,,0.0,",T",0.0,",T",0.0,",T",12.0,",T",0.0,",T",4.8,",T,13,",0.0,",,T,30,+",,,5.1,",,T,15,",25.2,",T,28,+",4571.2,T,91.7,",T",15.1,",,,T",,,15.6,",T",20.1,",,,T",11.1,",,,T"
364,USS0011J65S,"MILL D NORTH, UT US",40.66,-111.64,2733.1,2016-07,32.6,T,23.5,",T",0.0,",T",0.0,",T",0.0,",",,,0.0,",T",0.0,",T",0.0,",T",21.0,",T",0.0,",T",2.4,",T,11,",0.0,",,T,31,+",,,0.0,",,T,31,+",26.9,",T,28,",43.1,T,43.1,",T",0.0,",,,T",,,17.7,",T",22.2,",,,T",13.2,",,,T"
365,USS0011J65S,"MILL D NORTH, UT US",40.66,-111.64,2733.1,2016-08,41.9,T,9.3,",T",1.0,",T",1.0,",T",0.0,",",,,0.0,",T",0.0,",T",0.0,",T",22.0,",T",0.0,",T",8.3,",T,10,",0.0,",,T,31,+",,,2.5,",,T,06,",25.7,",T,01,",93.6,T,50.5,",T",2.5,",,,T",,,17.0,",T",21.8,",,,T",12.2,",,,T"
366,USS0011J65S,"MILL D NORTH, UT US",40.66,-111.64,2733.1,2016-09,41.9,T,0.0,",T",9.0,",T",9.0,",T",4.0,",",,,0.0,",T",2.0,",T",0.0,",T",3.0,",T",0.0,",T",-0.1,",T,24,+",76.0,",,T,24,",,,15.2,",,T,24,+",22.0,",T,01,",300.6,T,207.0,",T",81.2,",,,T",,,11.4,",T",16.3,",,,T",6.6,",,,T"
367,USS0011J65S,"MILL D NORTH, UT US",40.66,-111.64,2733.1,2016-10,41.9,T,0.0,",T",11.0,",T",11.0,",T",9.0,",",,,0.0,",T",9.0,",T",0.0,",T",0.0,",T",0.0,",T",-3.1,",T,04,",51.0,",,T,06,+",,,15.2,",,T,03,",16.0,",T,02,",641.2,T,340.6,",T",68.5,",,,T",,,7.4,",T",11.4,",,,T",3.3,",,,T"
368,USS0011J65S,"MILL D NORTH, UT US",40.66,-111.64,2733.1,2016-11,41.9,T,0.0,",T",10.0,",T",10.0,",T",14.0,",",,,0.0,",T",15.0,",T",5.0,",T",0.0,",T",0.0,",T",-12.4,",T,29,",737.0,",,T,28,",,,30.5,",,T,28,",15.0,",T,15,",1099.8,T,458.6,",T",96.4,",,,T",,,3.1,",T",7.0,",,,T",-0.9,",,,T"
369,USS0011J65S,"MILL D NORTH, UT US",40.66,-111.64,2733.1,2016-12,41.9,T,0.0,",T",11.0,",T",11.0,",T",31.0,",",,,2.0,",T",30.0,",T",15.0,",T",0.0,",T",0.0,",T",-19.3,",T,18,",1041.0,",,T,25,",,,40.6,",,T,16,",6.4,",T,20,",1809.9,T,710.1,",T",124.4,",,,T",,,-4.6,",T",-0.2,",,,T",-9.0,",,,T"
370,USS0011J65S,"MILL D NORTH, UT US",40.66,-111.64,2733.1,2017-01,0.0,,0.0,",T",18.0,",T",18.0,",T",31.0,",",,,1.0,",T",30.0,",T",17.0,",T",0.0,",T",0.0,",T",-18.0,",T,06,",1829.0,",,T,25,+",,,33.0,",,T,09,",9.7,",T,29,",2492.4,,682.5,",T",213.3,",,,T",,,-3.7,",T",0.5,",,,T",-7.9,",,,T"
371,USS0011J65S,"MILL D NORTH, UT US",40.66,-111.64,2733.1,2017-02,0.0,,0.0,",T",15.0,",T",15.0,",T",28.0,",",,,0.0,",T",26.0,",T",8.0,",T",0.0,",T",0.0,",T",-17.0,",T,25,+",2134.0,",,T,23,",,,43.2,",,T,27,",10.9,",T,16,",3041.8,,549.4,",T",182.6,",,,T",,,-1.3,",T",2.5,",,,T",-5.0,",,,T"
